class,filename,hash
Glass,00000009-PHOTO-2025-10-31-11-19-18.jpg,51a7ad718a9058bf7769d1696a1f0a62
Glass,00000013-PHOTO-2025-11-19-10-46-51.jpg,e6a4fbe1b78a0e21592981f7a28a8860
Glass,00000014-PHOTO-2025-11-19-10-46-51.jpg,2269f72f5892712b9d1ca289eca4e53d
Glass,00000016-PHOTO-2025-12-01-19-25-54.jpg,ee137abb7744b291355a2e6549766a75
Glass,00000017-PHOTO-2025-12-01-20-51-24.jpg,ed475162dd0fc6b7b03dd7acb9e9261c
Glass,00000018-PHOTO-2025-12-01-20-51-31.jpg,a7ceb836b4ca5ef7a4ac83429af45d14
Glass,00000021-PHOTO-2025-12-02-15-14-31.jpg,07fd80bf7d7b7fee278e9c80fb4ceb28
Glass,00000022-PHOTO-2025-12-02-15-18-10.jpg,aa7e3ef974bb4416f011d082146480d7
Glass,00000024-PHOTO-2025-12-02-15-56-08.jpg,c5be7bff056f0f5f589c3beb50426022
Glass,00000025-PHOTO-2025-12-02-15-56-08.jpg,a68e0a8e8f4c857c1e43eee22d27f9f6
Glass,00000026-PHOTO-2025-12-02-17-46-13.jpg,d851cb7d4bd841f5f7f66a0105dd3947
Glass,00000027-PHOTO-2025-12-02-17-46-17.jpg,040bb1fb0d15df12066b9e89f1a1202f
Glass,00000028-PHOTO-2025-12-02-17-46-31.jpg,5afbbfa4d5083e946c048adc280a329a
Glass,00000030-PHOTO-2025-12-02-17-47-20.jpg,e666f8f2260b5afc1cf741edca879c75
Glass,00000031-PHOTO-2025-12-02-17-47-38.jpg,44466e042e9fb5badffb7114901d8be1
Glass,00000032-PHOTO-2025-12-02-17-48-14.jpg,adb94b9510753480885bf00709dff6ef
Glass,00000033-PHOTO-2025-12-02-18-44-06.jpg,67e659114de58f67a8871970473566a8
Glass,00000034-PHOTO-2025-12-02-18-44-15.jpg,be431a098691e8913237bbb05fa72a05
Glass,00000035-PHOTO-2025-12-02-18-44-21.jpg,ef81b26145e8de4eea1cf4d2f57bacaa
Glass,00000037-PHOTO-2025-12-02-18-44-52.jpg,d872126232e2a9b45800570f2d1f4a63
Glass,00000038-PHOTO-2025-12-02-18-44-52.jpg,e417aa5a388ce11bb90551bcc01233dd
Glass,00000039-PHOTO-2025-12-02-18-47-08.jpg,76d005f478145e0fb8ef113e81011865
Glass,00000040-PHOTO-2025-12-02-18-47-13.jpg,b8599a6e24217772d42f527b5829d162
Glass,00000041-PHOTO-2025-12-02-18-47-19.jpg,f674bbd976c1840bc372adc87f5e6a31
Glass,00000042-PHOTO-2025-12-02-19-36-43.jpg,f06bcaa81620cfdd0077bb1262399e27
Glass,00000043-PHOTO-2025-12-02-19-36-58.jpg,5236398ef4019e57879b95aa19e339d4
Glass,00000044-PHOTO-2025-12-02-19-37-09.jpg,e3e2b2387cbde061012d243fe4cd5c48
Glass,00000045-PHOTO-2025-12-02-19-37-29.jpg,79492e4dc3fddf6402d00c8b45bed6c5
Glass,00000046-PHOTO-2025-12-02-19-37-38.jpg,435e64801f7b86bf24a623576da14077
Glass,00000047-PHOTO-2025-12-02-19-37-54.jpg,3824913a82c31a4a92d47b9a4c3829f6
Glass,00000048-PHOTO-2025-12-02-19-38-17.jpg,bd743a97f15d3377dcd39c33dc74bdf9
Glass,00000049-PHOTO-2025-12-03-15-47-02.jpg,c991a6ce59c4b85b8a4fb0bdca353c4a
Glass,00000050-PHOTO-2025-12-03-15-47-20.jpg,ff56b80a9bcb22a18c292b198e2891f4
Glass,00000051-PHOTO-2025-12-03-15-47-25.jpg,1f84f4bc7674cff647cd131224ee7f53
Glass,00000052-PHOTO-2025-12-04-17-48-35.jpg,5282bcef248cd057f637fd0ee2c23d5b
Glass,00000053-PHOTO-2025-12-04-17-48-35.jpg,d80b04f6c7dbfa301e2fb98a1b690aa8
Glass,00000054-PHOTO-2025-12-04-17-48-36.jpg,16994c6eca793dd62910794f3ed051dd
Glass,00000055-PHOTO-2025-12-04-17-48-36.jpg,ea79d06b0eac5bd023301d6079190d0f
Glass,00000057-PHOTO-2025-12-04-19-18-31.jpg,c76d927a735f13cfd7faf5418165c70f
Glass,00000058-PHOTO-2025-12-04-19-18-32.jpg,bb57f14ef86f98bea41e0e843eedb24d
Glass,00000059-PHOTO-2025-12-04-19-18-32.jpg,3e90ecc4b179bb77054e06e3b9e508e8
Glass,00000060-PHOTO-2025-12-04-19-18-32.jpg,e64581577299bb9cdfbeeb991c53b466
Glass,00000061-PHOTO-2025-12-04-19-18-33.jpg,9ae73338ecd7832510c74f947d52f8e6
Glass,00000062-PHOTO-2025-12-04-19-18-33.jpg,4d4c3d92519a9f07e092013445bbe2d2
Glass,00000063-PHOTO-2025-12-04-19-18-33.jpg,ba37ff9109c9f4f3e1ad055f2c76e44e
Glass,00000064-PHOTO-2025-12-04-19-18-33.jpg,543965eb0711587ef01833149be2b955
Glass,00000065-PHOTO-2025-12-07-16-59-39.jpg,ecd9d6d6b832929df7c50fc7db48480f
Glass,00000066-PHOTO-2025-12-07-16-59-46.jpg,e2b2ee8927b33c6b380131a75b10fbdf
Glass,00000067-PHOTO-2025-12-07-16-59-54.jpg,782960a8d39fb157e013f8470c2c717e
Glass,00000068-PHOTO-2025-12-07-17-00-05.jpg,2833de9b620489bb6d1f7dd44687bde5
Glass,00000069-PHOTO-2025-12-07-17-00-17.jpg,18138ba7fc295eff77ca96b474cb52e0
Glass,00000070-PHOTO-2025-12-07-17-00-21.jpg,6c321c5d04e6cf599754ce0fe7874193
Glass,00000071-PHOTO-2025-12-07-17-01-13.jpg,ef035bd6869362ad94ebf2ce1ec5ded5
Glass,00000072-PHOTO-2025-12-07-17-01-20.jpg,1a61abbe6287787d453927ab93a9eb84
Glass,00000073-PHOTO-2025-12-07-17-01-27.jpg,7dd07761b09e06f0a554aabdbcd9d025
Glass,00000074-PHOTO-2025-12-07-17-01-35.jpg,1c0210b4dfa4debd9e3cf8d83fbb4654
Glass,00000075-PHOTO-2025-12-07-17-01-58.jpg,a1e087735b78cff76bb74c256c6eb8a5
Glass,00000076-PHOTO-2025-12-07-17-02-04.jpg,199d1f21c8588be35b6dd7f9bdd2411c
Glass,00000077-PHOTO-2025-12-07-17-02-10.jpg,8a5a46d0581b0251c229e5b96c6b8155
Glass,00000078-PHOTO-2025-12-07-17-02-17.jpg,9bad57689b99734db2aa154eff74e750
Glass,00000079-PHOTO-2025-12-07-17-02-28.jpg,28408377f0660886823e6e8e4e32bd40
Glass,00000080-PHOTO-2025-12-07-17-02-36.jpg,4f1a29f871a148e9e10231b6b4659505
Glass,00000081-PHOTO-2025-12-07-17-02-40.jpg,ff1d6f4f300ebc6520c40e34bef5b2ca
Glass,00000082-PHOTO-2025-12-07-17-02-46.jpg,4cc494d07bad2b3158dd512561a2630e
Glass,00000084-PHOTO-2025-12-07-17-32-48.jpg,b94ddcb27a98bf354c35e3054453b68d
Glass,00000085-PHOTO-2025-12-07-17-32-48.jpg,3af7019a7f811b6b480636477d38c05f
Glass,00000086-PHOTO-2025-12-07-17-32-48.jpg,2218aafd210c9fa6a11d52d5ba69d1dc
Glass,00000087-PHOTO-2025-12-07-17-32-48.jpg,b6285f842d9c2b2dfa3e07bac4b18656
Glass,00000088-PHOTO-2025-12-07-17-32-49.jpg,d3c29b3cb6d6c9569397790f7ed7a13e
Glass,00000089-PHOTO-2025-12-07-17-32-49.jpg,1426f99a81f338880e9896f7d65c4911
Glass,00000090-PHOTO-2025-12-07-17-32-49.jpg,87e32672f8c1671c67c4713d46d9acca
Glass,00000091-PHOTO-2025-12-07-17-32-49.jpg,28252e2e45473f9fd5eb5713b8c7ba72
Glass,00000092-PHOTO-2025-12-07-17-32-49.jpg,c6d4eb5b96a37adefdd3a52476b8b15f
Glass,00000093-PHOTO-2025-12-07-17-32-49.jpg,98ba8808e59159e68be3295c1117006c
Glass,00000094-PHOTO-2025-12-07-17-32-50.jpg,cacf45cd0f30c0d564af3952e161c322
Glass,00000095-PHOTO-2025-12-07-17-32-50.jpg,97a4e571a16f670ae9e56c3178fa2c6f
Glass,00000096-PHOTO-2025-12-07-17-32-50.jpg,a182f3dcea0fd61dcc838552dc5680ed
Glass,00000097-PHOTO-2025-12-07-17-32-50.jpg,e8bf61df4496933a6550da9bbbd63a1b
Glass,00000098-PHOTO-2025-12-07-17-32-50.jpg,86128bcc64a0968bb88abd80020162bf
Glass,00000099-PHOTO-2025-12-07-17-32-50.jpg,7a1f643bcacddd7a62bc62a8deb3ec88
Glass,00000100-PHOTO-2025-12-07-17-32-51.jpg,089e9ed217cc6b7fb0c0e6afb9f02ded
Glass,00000101-PHOTO-2025-12-07-17-32-51.jpg,cc5acc36ed4adcf79539d07eeaa91ac2
Glass,00000102-PHOTO-2025-12-07-17-32-51.jpg,c548dec5d952094d70fad020297f2dd9
Glass,00000103-PHOTO-2025-12-07-17-32-51.jpg,27b0f0bc0da203ea1f1d612907a79646
Glass,00000104-PHOTO-2025-12-07-17-32-51.jpg,ba8d41fc2757735eaf39a3a6c3d02a47
Glass,00000105-PHOTO-2025-12-07-17-32-51.jpg,e40f732d5e8513146b5ba9e014480246
Glass,00000106-PHOTO-2025-12-07-17-32-51.jpg,d87cf02f9e709afc4e5939d0bb6cc3d7
Glass,00000107-PHOTO-2025-12-07-17-32-52.jpg,eab67c606e1a71096382d015effd9298
Glass,00000108-PHOTO-2025-12-07-17-32-52.jpg,8e639a5196eafc97d91fb76f561e3a40
Glass,00000109-PHOTO-2025-12-07-17-32-52.jpg,d678ebc2df3bb0d56bb9e5bc9bc11689
Glass,00000110-PHOTO-2025-12-07-17-32-52.jpg,edc227831cf6cf7abd47aecf58a3b44e
Glass,00000111-PHOTO-2025-12-07-17-32-53.jpg,7ed11b116eb8c1a9891880d6854c855c
Glass,00000112-PHOTO-2025-12-07-17-32-53.jpg,8c3b7e7529c87750e74a738cfe465b1b
Glass,00000113-PHOTO-2025-12-07-17-32-53.jpg,291789b3eb9e403ab9beb6aec66acba0
Glass,00000114-PHOTO-2025-12-07-17-32-53.jpg,41e6ae77a685cdaf5c3f8b72728c0b2c
Glass,00000115-PHOTO-2025-12-07-17-32-53.jpg,ec892cf2d315f0547f4eb0fb0ab8a203
Glass,00000116-PHOTO-2025-12-07-17-32-53.jpg,6af6ab5abf5d05691ecb61f5e945714a
Glass,00000117-PHOTO-2025-12-07-17-32-54.jpg,f5bb360b1d9dd97cd841d236f8f16222
Glass,00000118-PHOTO-2025-12-07-17-32-54.jpg,fc3eb9cd5f2d7cdaf92c6985a4591c2c
Glass,00000119-PHOTO-2025-12-07-17-32-54.jpg,8623fad19ca2c86126bccd3a0f3ae6cd
Glass,00000120-PHOTO-2025-12-07-17-32-54.jpg,e71f12cae7e64b8fdd516ab3be41c99c
Glass,00000121-PHOTO-2025-12-07-17-32-54.jpg,1135a4735be51f6724e0f54b81d58e54
Glass,00000122-PHOTO-2025-12-07-17-32-55.jpg,729906f1efac150bd5c3388249314eac
Glass,00000123-PHOTO-2025-12-07-17-32-55.jpg,bfbd1d22b82f4aa42bbcb86f2a833941
Glass,00000124-PHOTO-2025-12-07-17-32-55.jpg,19b5ff24b4b58adb4f8bed20a2d03f87
Glass,00000125-PHOTO-2025-12-07-17-32-55.jpg,225e5d02424d65931b21fc51a7e0a329
Glass,00000126-PHOTO-2025-12-07-17-53-31.jpg,54db0a504b235b024d80b72c0e24185c
Glass,00000127-PHOTO-2025-12-07-17-53-39.jpg,0ae83e1b77254daefa04b652a2ba5513
Glass,00000128-PHOTO-2025-12-07-17-53-47.jpg,1224aff087e5b69c33ba7a2deafacc62
Glass,00000130-PHOTO-2025-12-07-17-58-54.jpg,40aec25da4f4bc54e436fa8e3b69c3f7
Glass,00000131-PHOTO-2025-12-07-17-58-54.jpg,ca75f9faa7a1bcd7beb287e28b16edc6
Glass,00000132-PHOTO-2025-12-07-18-00-32.jpg,3390fc01a78e16fc91da8849406d0052
Glass,00000133-PHOTO-2025-12-07-18-00-42.jpg,b9ca4b1806a4c2fea86c13087dccc182
Glass,00000134-PHOTO-2025-12-07-18-01-29.jpg,73d46e398d7e29a02bc0ab832faaa5a2
Glass,00000135-PHOTO-2025-12-07-18-03-50.jpg,2dc3c1566d53fe5115a72bb163d0f562
Glass,00000136-PHOTO-2025-12-07-18-03-51.jpg,ba7fb2a5383071f15657365bdd8458be
Glass,00000137-PHOTO-2025-12-07-18-03-51.jpg,bd7cf596342681fefbc6d75524259f45
Glass,00000138-PHOTO-2025-12-07-18-03-51.jpg,11db6a082029fcd3251058178c5138d5
Glass,00000139-PHOTO-2025-12-07-18-04-30.jpg,7ebda68ac8b4442ce6011ee35b19ffc7
Glass,00000143-PHOTO-2025-12-07-18-14-54.jpg,72640060bb7238176261dc05406407df
Glass,00000144-PHOTO-2025-12-07-18-16-06.jpg,1d31601067a0bc09725c416551f49ff7
Glass,00000145-PHOTO-2025-12-07-18-19-23.jpg,45e81069a940fcc7d960159f69af521e
Glass,00000146-PHOTO-2025-12-07-18-24-37.jpg,752d0a9cf9184cd52cb4441693b502bb
Glass,00000147-PHOTO-2025-12-07-18-25-00.jpg,c0d0b513dc2f90db79c4e60346b39e5e
Glass,00000148-PHOTO-2025-12-07-18-25-22.jpg,c37a20cb451f3bb49a79a5ba4c9a2290
Glass,00000149-PHOTO-2025-12-07-18-26-52.jpg,c9f6b62f6d01aaf56ef713beadc4ab8c
Glass,00000152-PHOTO-2025-12-07-18-51-02.jpg,a79921138781895275a464a2bd6bc29b
Glass,00000153-PHOTO-2025-12-07-18-51-24.jpg,8c77a007f1848037ff0ae061344c6061
Glass,00000154-PHOTO-2025-12-07-18-51-37.jpg,d652d70245b55374fbeaa440954f5720
Glass,00000155-PHOTO-2025-12-07-18-55-00.jpg,5709658b9a591ff63d706cca39a5cbd0
Glass,00000156-PHOTO-2025-12-07-18-55-12.jpg,11e4e4f6661badb52ad12e83485ce088
Glass,00000157-PHOTO-2025-12-07-18-55-51.jpg,a5a2d2c6cf64d20dca0d99f8f382ca6f
Glass,00000158-PHOTO-2025-12-07-18-56-01.jpg,0021ca335abc0b4553bc0b261614b5c9
Glass,00000159-PHOTO-2025-12-07-18-56-51.jpg,ce4c3907cb146b8ef79f4e524df41df9
Glass,00000160-PHOTO-2025-12-07-18-57-01.jpg,9285bd76d747163e1dc023c7800160ea
Glass,00000161-PHOTO-2025-12-07-18-57-12.jpg,b39a93f266a12e907e588bc6fb55e2d7
Glass,00000162-PHOTO-2025-12-07-18-57-29.jpg,fb3e3598721f5f14517a9dd36a4d5f10
Glass,00000163-PHOTO-2025-12-07-18-58-47.jpg,0ff31bb8bea8cdf1fef56149d8667b66
Glass,00000164-PHOTO-2025-12-07-19-02-49.jpg,0431c9c728b4cd3448a4fe6dde9f3970
Glass,00000165-PHOTO-2025-12-07-19-04-00.jpg,592067565697e84faaf4bf3bfe3e936f
Glass,00000168-PHOTO-2025-12-09-10-17-00.jpg,4d1505e44ef221fe5e993097d9b30a6c
Glass,00000169-PHOTO-2025-12-09-10-17-58.jpg,31bbfb4de2397c571594e343546ab7b2
Glass,00000171-PHOTO-2025-12-09-10-36-18.jpg,595ea3ee19ced2f985bd58c6873f512a
Glass,00000172-PHOTO-2025-12-09-10-36-40.jpg,7e7de2b68e727a049bcf40781ed19551
Glass,00000173-PHOTO-2025-12-09-21-41-38.jpg,2c77b864ba2b29c140a9b2a135e2aa43
Glass,00000174-PHOTO-2025-12-09-21-41-38.jpg,81f5c5d02b687e4d74d0fb8da00942b1
Glass,00000175-PHOTO-2025-12-09-21-41-38.jpg,1083d65b66e1e038fe2c7d519c36cac3
Glass,00000176-PHOTO-2025-12-09-21-41-39.jpg,3126ed62bfa63d03b18e85ade7f326f2
Glass,00000177-PHOTO-2025-12-09-21-41-39.jpg,0ce8b6df1a46ea4253f625135521a293
Glass,00000178-PHOTO-2025-12-09-21-41-39.jpg,fe1c8be8135e13ae34d71f04f35206a6
Glass,00000179-PHOTO-2025-12-09-21-41-39.jpg,cf26c33353e19c6a200cf0d630408865
Glass,00000180-PHOTO-2025-12-09-21-41-39.jpg,ee4a6cb2c0608e0fae7ee55b6e100a15
Glass,00000181-PHOTO-2025-12-09-21-41-40.jpg,b087c18dbb0d7f4099565af4dbece497
Glass,00000182-PHOTO-2025-12-09-21-41-40.jpg,3b27b812e42a3c1d83435f61c40acc0e
Glass,00000184-PHOTO-2025-12-09-21-41-58.jpg,5de920555cc720831ccc0e7cf5e50270
Glass,00000185-PHOTO-2025-12-09-21-41-58.jpg,3bf3246e37e01357b7fa484bc2001c64
Glass,00000186-PHOTO-2025-12-09-21-41-58.jpg,96ac1c0a210b111402313792851076fa
Glass,00000187-PHOTO-2025-12-09-21-41-58.jpg,ec7794711d70e27c0a94f7694c5e33d0
Glass,00000188-PHOTO-2025-12-09-21-41-58.jpg,0617a7cc8cb881e0843fec3f613d1611
Glass,00000189-PHOTO-2025-12-09-21-41-59.jpg,ef7a36f3ba1d90842ac8b85e0c821721
Glass,00000190-PHOTO-2025-12-09-21-41-59.jpg,b34b5c29c45fc2690dcbfcbe4b528366
Glass,00000191-PHOTO-2025-12-09-21-41-59.jpg,e21f27bf89ac4c80e20a1d836cd5545c
Glass,00000192-PHOTO-2025-12-09-21-41-59.jpg,74ad632b0d6639095c78d87ff636d7ef
Glass,00000193-PHOTO-2025-12-09-21-41-59.jpg,ee5ac0f050a0dedd95b7a1ff5dd0a169
Glass,00000194-PHOTO-2025-12-09-21-41-59.jpg,aa0851a78be3fe459bbc4045a67798c2
Glass,00000195-PHOTO-2025-12-09-21-42-00.jpg,b74f1c2907b235bf0d7c6615908f5632
Glass,00000196-PHOTO-2025-12-09-21-42-00.jpg,03987b11aaaa98dfca35d8da78c709bc
Glass,00000197-PHOTO-2025-12-09-21-42-00.jpg,af9ca52637e57e28f94102d27c38b5d7
Glass,00000198-PHOTO-2025-12-09-22-29-03.jpg,3c3eaffd1167f901c695cb621777896a
Glass,00000199-PHOTO-2025-12-09-22-29-24.jpg,9a2a96c381647bef621ad9148863104c
Glass,00000200-PHOTO-2025-12-09-22-29-39.jpg,468bf74714091cd19f4e4e9f338b842d
Glass,00000202-PHOTO-2025-12-09-22-31-25.jpg,bc85f9e71d9f1eb0758a0c44af076cef
Glass,00000203-PHOTO-2025-12-09-22-31-25.jpg,c110db6ee20f99ca8d2831d826a78969
Glass,00000204-PHOTO-2025-12-09-22-31-26.jpg,e7895db31ca938c3c3ae132e4bedde68
Glass,00000205-PHOTO-2025-12-09-22-31-26.jpg,a6db5162014c450d5c29ffdd2d1f742c
Glass,00000206-PHOTO-2025-12-09-22-31-31.jpg,219ccfd721dd2334b8ba5d9a110114df
Glass,00000207-PHOTO-2025-12-09-22-31-32.jpg,2b998e20b6090493d605e9e2cb168ee5
Glass,00000208-PHOTO-2025-12-09-22-31-32.jpg,72101a56da9ff758c1e061245a05a350
Glass,00000209-PHOTO-2025-12-09-22-31-33.jpg,0cebe20b7988c60a4af1e68ff7314e08
Glass,00000210-PHOTO-2025-12-09-22-31-33.jpg,aa897628559dff22dbcf056a6de59066
Glass,00000211-PHOTO-2025-12-09-22-31-33.jpg,a8b4afd857e45ff01b2d6de997a13d24
Glass,00000212-PHOTO-2025-12-09-22-31-34.jpg,263cd932c027f6a949315880129ab2df
Glass,00000213-PHOTO-2025-12-09-22-31-34.jpg,249c2bbf738c5a53a84237f3f18f2f33
Glass,00000214-PHOTO-2025-12-09-22-31-35.jpg,fe9a25d6ceaa7e90a60f17f4118ad181
Glass,00000215-PHOTO-2025-12-09-22-31-35.jpg,edcf47ea8a27643b94dd2ae6dad802dc
Glass,00000216-PHOTO-2025-12-09-22-31-35.jpg,500a8022b66ac0d73d4ee15dc1754edb
Glass,00000217-PHOTO-2025-12-09-22-31-36.jpg,be75b33ff9af00b0fc0fd80995f69fa2
Glass,00000218-PHOTO-2025-12-09-22-31-36.jpg,6015a27060d9827ecb9a00b289960df7
Glass,00000219-PHOTO-2025-12-09-22-31-37.jpg,15433c494209af24964306181bcaa339
Glass,00000220-PHOTO-2025-12-09-22-31-38.jpg,0cb4a6232bf8001fb515ef61aa6442bd
Glass,00000221-PHOTO-2025-12-09-22-31-38.jpg,1bcb92800b733fd02d22c45b1c8e4c34
Glass,00000222-PHOTO-2025-12-09-22-31-39.jpg,2e9befe56db4ec92b5c61ff551cd1b9f
Glass,00000223-PHOTO-2025-12-09-22-31-39.jpg,b31ee2cedf749bd3d84729ee66afcc9a
Glass,00000224-PHOTO-2025-12-09-22-31-43.jpg,291895988db7d7fa608d0c7896648561
Glass,00000225-PHOTO-2025-12-09-22-31-44.jpg,2cfa5fa8e92b10cd33e2b6d46f110d28
Glass,00000226-PHOTO-2025-12-09-22-31-44.jpg,25f6a8fc82923617109287aa94595bfe
Glass,00000227-PHOTO-2025-12-09-22-31-44.jpg,adac6759e5924fbf3721244a56c989df
Glass,00000228-PHOTO-2025-12-09-22-31-45.jpg,45b06f831bd3e65d2885f50c3450c1b0
Glass,00000229-PHOTO-2025-12-09-22-31-45.jpg,d01b4ab178c499383703c77de2300b6e
Glass,00000230-PHOTO-2025-12-09-22-31-45.jpg,e95e5df495f7b25aab7f3eddd319c274
Glass,00000231-PHOTO-2025-12-09-22-31-45.jpg,3de42f54951ad651ad1101044f18a827
Glass,00000232-PHOTO-2025-12-09-22-31-46.jpg,c73ba52eed6a4843b970774a41c59e7e
Glass,00000233-PHOTO-2025-12-09-22-31-46.jpg,e6968751e32cd88f26eb10cc1d9457ed
Glass,00000234-PHOTO-2025-12-09-22-31-47.jpg,8857e2f5a675b160edc685ed0ce0ef5e
Glass,00000235-PHOTO-2025-12-09-22-31-47.jpg,440acdea7d86caa857121f4fc259d0d8
Glass,00000236-PHOTO-2025-12-09-22-31-48.jpg,76edb94e85d5526d89df9f3d0dab570c
Glass,00000237-PHOTO-2025-12-09-22-31-48.jpg,061fba3c6941371a49a8541ac8054cc1
Glass,00000238-PHOTO-2025-12-09-22-31-49.jpg,9618417a6a8c99ecc7fc6c208411ff71
Glass,00000239-PHOTO-2025-12-09-22-31-49.jpg,649dea2f02827ad5efbf511dddb82c04
Glass,00000240-PHOTO-2025-12-09-22-31-49.jpg,c52c41b3a14f25e78d71c75c574bc020
Glass,00000241-PHOTO-2025-12-09-22-31-49.jpg,e9d59c8eea0349db8da2022aaf9ef5d4
Glass,00000242-PHOTO-2025-12-09-22-31-49.jpg,19e2da40112a5391db96e6f7c4479ba1
Glass,00000243-PHOTO-2025-12-09-22-31-50.jpg,80a65aa9275aff8d582581537bfa95a5
Glass,00000244-PHOTO-2025-12-09-22-31-50.jpg,5276ab1f97941c4305313408c137beb5
Glass,00000245-PHOTO-2025-12-09-22-31-50.jpg,e6960968e26d82af3811bc4849ece833
Glass,00000246-PHOTO-2025-12-09-22-31-50.jpg,2f46ba34e877d184a87993e151070477
Glass,00000247-PHOTO-2025-12-09-22-31-51.jpg,eb38883d28d73263c25ce091e28a9610
Glass,00000248-PHOTO-2025-12-09-22-31-51.jpg,d191c193b9ff607bcf013ecd01587c1f
Glass,00000249-PHOTO-2025-12-09-22-31-51.jpg,ab922fecaa28c73a35157085166d3b71
Glass,00000250-PHOTO-2025-12-09-22-31-51.jpg,c8884c68d4fae7d7850dbf9902bfb01b
Glass,00000251-PHOTO-2025-12-09-22-31-52.jpg,be7fb9e6a516fe2b57c7d80facee797a
Glass,00000252-PHOTO-2025-12-09-22-31-52.jpg,ffe638893592f9a9d9c4ecfe954b23b3
Glass,00000253-PHOTO-2025-12-09-22-31-58.jpg,6b0e96a2408d1b97ae5ecd140fff246b
Glass,00000254-PHOTO-2025-12-09-22-32-07.jpg,fe978d2bbd626b667f6fe4fba284bb33
Glass,00000255-PHOTO-2025-12-09-22-32-25.jpg,eacb21f7b438f673eb12c5cf9de9069e
Glass,00000256-PHOTO-2025-12-09-22-42-20.jpg,ecc4a9d477846880282aef72e2ae4d20
Glass,00000257-PHOTO-2025-12-09-22-42-40.jpg,e70f88df3b15bf99d25c133506a39302
Glass,00000258-PHOTO-2025-12-09-22-42-46.jpg,8ded0315b65a0ea6b7d87e21964d1913
Glass,00000259-PHOTO-2025-12-09-22-42-53.jpg,ff8db900b250fb956469f737cee8baa7
Glass,00000260-PHOTO-2025-12-09-22-43-10.jpg,3887e2c1b019d1e5c13b38202036d8e1
Glass,00000261-PHOTO-2025-12-09-22-43-26.jpg,560ef744422c4e67a5d3d7737717d2ee
Glass,00000262-PHOTO-2025-12-09-22-43-34.jpg,be3f46306efa04a058ded02677f3953b
Glass,00000263-PHOTO-2025-12-09-22-43-46.jpg,07f7ac8fa162dfc4445b5087e9c9f67d
Glass,00000264-PHOTO-2025-12-09-22-43-57.jpg,6e1701168e3ef211868f016c752cafbb
Glass,00000265-PHOTO-2025-12-09-22-44-16.jpg,7ea78cf32148a446cc268504ed90c50a
Glass,00000266-PHOTO-2025-12-09-22-44-25.jpg,71a3d9b59709c9f75f82bf3555094bed
Glass,00000267-PHOTO-2025-12-09-22-44-39.jpg,dd4fcc8d8ed48ae659dbe8d72fc52de5
Glass,00000268-PHOTO-2025-12-09-22-44-57.jpg,8dc1644f6708fe931f21872bdff48718
Glass,00000269-PHOTO-2025-12-09-22-45-03.jpg,649a0de6deeb12a2138b8485bffffe91
Glass,00000270-PHOTO-2025-12-09-22-45-17.jpg,539978946a497afefe8ce1edf1cd0778
Glass,00000271-PHOTO-2025-12-09-22-45-37.jpg,c11d88cecf0f094345360ce97097344d
Glass,00000272-PHOTO-2025-12-09-22-45-47.jpg,6630d8e483a01f31b63d23c0f1c062d2
Glass,00000273-PHOTO-2025-12-09-22-46-15.jpg,a241496e6c9099e8d77bbbf2e42355be
Glass,00000274-PHOTO-2025-12-09-22-46-24.jpg,a6200b24c82958eacdc9b2e02722c80b
Glass,00000276-PHOTO-2025-12-09-23-00-08.jpg,9b880ea2a5e20dfb8cf607b2fd34ec35
Glass,00000277-PHOTO-2025-12-09-23-00-08.jpg,f0d4cf438f226dbabe778a1eb60657a0
Glass,00000278-PHOTO-2025-12-09-23-00-09.jpg,958eb6875b20e09fae99df7f5c7deeb0
Glass,00000279-PHOTO-2025-12-09-23-00-10.jpg,f66482f999a88c5ebcc49f6ba8ff1e02
Glass,00000280-PHOTO-2025-12-09-23-00-10.jpg,3cf1c5aa8c13054eed43ed6824925091
Glass,00000281-PHOTO-2025-12-09-23-00-11.jpg,8546994619b9068117ff4f267a8290dc
Glass,00000282-PHOTO-2025-12-09-23-00-12.jpg,a05057f99c71868777eda02d6078780a
Glass,00000283-PHOTO-2025-12-09-23-00-13.jpg,638b280a50dc44dbc80806c0d246e64a
Glass,00000284-PHOTO-2025-12-09-23-00-13.jpg,4c5b934e842c7520dccd4cd042aeab0b
Glass,00000285-PHOTO-2025-12-09-23-00-14.jpg,e1eb8ae8d455a1f7f0524d08406c8509
Glass,00000286-PHOTO-2025-12-09-23-00-15.jpg,238ab5b15743a2ac41b8b74f87a8af04
Glass,00000287-PHOTO-2025-12-09-23-00-15.jpg,f0a8556dad943131e16811b34ba0375a
Glass,00000288-PHOTO-2025-12-09-23-00-16.jpg,023bde15e811b542a1b226f73d05ecea
Glass,00000289-PHOTO-2025-12-09-23-00-16.jpg,f8afd468afd6997ae93d1603fc4f3eb3
Glass,00000290-PHOTO-2025-12-09-23-00-17.jpg,0972923e88837959df1d7b153e91fa5c
Glass,00000291-PHOTO-2025-12-09-23-00-17.jpg,ea626105a8095e72a2d3bb5ac2d34f41
Glass,00000292-PHOTO-2025-12-09-23-00-18.jpg,73071d7836cde229f9586067ce45f0bb
Glass,00000293-PHOTO-2025-12-09-23-00-18.jpg,df224a7973b67dd4380d01472894a444
Glass,00000294-PHOTO-2025-12-09-23-00-18.jpg,07608fe225629e5d82041baf73012216
Glass,00000295-PHOTO-2025-12-09-23-00-19.jpg,ad634e330695f73499e88f06c6487eed
Glass,00000296-PHOTO-2025-12-09-23-00-20.jpg,5cb8cf723ab515f81795749e60e00c7a
Glass,00000297-PHOTO-2025-12-09-23-00-21.jpg,cbad8dc29d7cb3afe4f5e6c463440580
Glass,00000298-PHOTO-2025-12-09-23-00-21.jpg,99516b1ed11b7fc6ac9523c5761391b5
Glass,00000299-PHOTO-2025-12-09-23-00-22.jpg,4968649b3e86be7fdad53e3ad286a8fc
Glass,00000300-PHOTO-2025-12-09-23-00-22.jpg,931b9b05d3f0b1623fd6d753012599e1
Glass,00000301-PHOTO-2025-12-09-23-00-23.jpg,b9d4dd3f4ddffaa9c5ea982ab45e7a96
Glass,00000302-PHOTO-2025-12-09-23-00-23.jpg,d7530ba18724ef5e9ff0ba178b702e43
Glass,00000303-PHOTO-2025-12-09-23-00-24.jpg,e0577005e7447afbe2f3e71fa8da0bab
Glass,00000304-PHOTO-2025-12-09-23-00-25.jpg,9421261e73e5116903b4b6bf939237e1
Glass,00000305-PHOTO-2025-12-09-23-00-26.jpg,d4cb7ca2d149f188e40a68f544c83e7c
Glass,00000306-PHOTO-2025-12-09-23-00-26.jpg,a465c32135cbfe85ce6859edadc210c1
Glass,00000307-PHOTO-2025-12-09-23-00-26.jpg,b9eb49b33426f57fcb7cc51d2efe8023
Glass,00000308-PHOTO-2025-12-09-23-00-27.jpg,e623b29e892b6eb427e1a51c6c88bf39
Glass,00000309-PHOTO-2025-12-09-23-00-27.jpg,023dcf2e7dfecfb3e8d55b185887dfb7
Glass,00000310-PHOTO-2025-12-09-23-00-29.jpg,f759bf2fe9a78eb81cccd35716692a6a
Glass,00000311-PHOTO-2025-12-09-23-00-29.jpg,feb29698f812cadd22c64c15ce95a3f7
Glass,00000312-PHOTO-2025-12-09-23-00-29.jpg,54ae396bd1c049b09f49c662a9792546
Glass,00000313-PHOTO-2025-12-09-23-00-29.jpg,b47b7ed4c6b4df855d34cbe9ca8ad760
Glass,00000314-PHOTO-2025-12-09-23-00-30.jpg,7c56c8d1a20a734ed6ccc9aa2a807b2a
Glass,00000315-PHOTO-2025-12-09-23-00-30.jpg,5c96341fc1669460d495c57f66453463
Glass,00000316-PHOTO-2025-12-09-23-00-30.jpg,396170152d3c250cb47052ecb7b1fa6a
Glass,00000317-PHOTO-2025-12-09-23-00-31.jpg,2d5ace2d32bd884e26be53e46c85b0af
Glass,00000318-PHOTO-2025-12-09-23-00-31.jpg,db82a2e27bcfe98660c660b33f512b3d
Glass,00000319-PHOTO-2025-12-09-23-00-31.jpg,80927f5b33e48bfd7a9dba6e3dbbad37
Glass,00000320-PHOTO-2025-12-09-23-00-32.jpg,1663385b768689cc6f33dfe713339e7d
Glass,00000321-PHOTO-2025-12-09-23-00-32.jpg,057ed8e2c97e8055abe9cc974285971c
Glass,00000322-PHOTO-2025-12-09-23-00-33.jpg,6956df477da72f4bb332409d4c051c9f
Glass,00000323-PHOTO-2025-12-09-23-00-33.jpg,6323bff69aee81da8289b4e1c88f7bfa
Glass,00000324-PHOTO-2025-12-09-23-00-34.jpg,f432023a2913bfd17ab44fce71161c4c
Glass,00000325-PHOTO-2025-12-09-23-00-42.jpg,41bbb7349339d673374d43fd580d83ce
Glass,00000326-PHOTO-2025-12-09-23-01-01.jpg,14bc00a43c6b1273592149aacbcbf0eb
Glass,00000327-PHOTO-2025-12-09-23-01-06.jpg,abae75820207c88643e55aae4c6c990f
Glass,00000328-PHOTO-2025-12-09-23-01-12.jpg,9381c321bf2f4ab6e06324a77ea489eb
Glass,00000330-PHOTO-2025-12-09-23-02-09.jpg,7ad5e0306968cf7ee024b298cc1ec0fc
Glass,00000331-PHOTO-2025-12-09-23-02-09.jpg,4e821fae2698684f84e508ea6e3282b3
Glass,00000332-PHOTO-2025-12-09-23-02-09.jpg,6bca236c6cc881597241172d4823ceed
Glass,00000333-PHOTO-2025-12-09-23-02-30.jpg,12b05d9aa8b797a2fea7993159a14a94
Glass,00000334-PHOTO-2025-12-09-23-02-36.jpg,92a71dd5b623489ca28b5123d0694174
Glass,00000335-PHOTO-2025-12-09-23-02-39.jpg,92d1fa80806c5cc2159410b1b7e0889e
Glass,00000336-PHOTO-2025-12-09-23-02-55.jpg,58100fb772c116724790e1c2af2ee998
Glass,00000337-PHOTO-2025-12-09-23-03-05.jpg,097e182c6a355e941a37997f4ec037a9
Glass,00000338-PHOTO-2025-12-09-23-03-10.jpg,7d187e1cd4f6490d54b1fc734c716327
Glass,00000339-PHOTO-2025-12-09-23-03-20.jpg,c126d76d2779ace38cb3c92a6b1f4f54
Glass,00000340-PHOTO-2025-12-09-23-03-25.jpg,caaef1ec376dcff60e4170f9526b3d26
Glass,00000341-PHOTO-2025-12-09-23-03-30.jpg,74d9f0a84ac3cde30e0a62510dbe4004
Glass,00000343-PHOTO-2025-12-09-23-05-40.jpg,b23c2f24aaac2756100f7550cd40c28d
Glass,00000344-PHOTO-2025-12-09-23-05-47.jpg,277cf56642d12856126618bf1045375a
Glass,00000345-PHOTO-2025-12-09-23-05-59.jpg,8cf7c3f07159f41c305a6d7c103c4b0b
Metal,00000007-PHOTO-2025-10-28-22-02-05.jpg,6da987f43966acd9fa56b4d60c37adae
Metal,00000008-PHOTO-2025-10-28-22-02-05.jpg,aff59c423de17f301acdda74a26e3e86
Metal,00000009-PHOTO-2025-10-30-12-09-14.jpg,007d70741d3c7b66dbe96be72d62a316
Metal,00000010-PHOTO-2025-10-30-20-20-49.jpg,7e722e45636b53196598e7b76cae637f
Metal,00000011-PHOTO-2025-10-30-20-20-50.jpg,93709fed630fc5186e67ffa7cc2b3b3e
Metal,00000013-PHOTO-2025-10-31-11-19-06.jpg,d7689f452049235963827f5ffa5a6e4b
Metal,00000014-PHOTO-2025-10-31-11-19-07.jpg,f123edb76f6316b744ef025928101f29
Metal,00000015-PHOTO-2025-10-31-11-19-07.jpg,228db2c5c054cba57d9478ae0c29274e
Metal,00000023-PHOTO-2025-11-19-10-46-40.jpg,c449af09cc65c83f4efc25abb7c74313
Metal,00000024-PHOTO-2025-11-19-10-46-40.jpg,9df1d512ad8157e3735429f2d98859c8
Metal,00000025-PHOTO-2025-11-30-00-47-41.jpg,a8ac3cb1b4df4a350f762f6ef9811dd4
Metal,00000026-PHOTO-2025-11-30-00-47-42.jpg,71958a66c9495fbfe396162d94e1e9e2
Metal,00000027-PHOTO-2025-12-01-20-52-11.jpg,729ed687c12e7e3113855258a4a9e121
Metal,00000028-PHOTO-2025-12-01-21-11-48.jpg,39e022d9f91fa8301a9a748b45fd8bee
Metal,00000029-PHOTO-2025-12-01-21-11-54.jpg,7baa68dafc1dfd3d939b2d5ac1643c0a
Metal,00000034-PHOTO-2025-12-02-16-17-09.jpg,a0d5c68f540d758abaaae0bc691f7766
Metal,00000035-PHOTO-2025-12-02-16-17-09.jpg,817ec328e5bdbf240ce948331e2a40fe
Metal,00000036-PHOTO-2025-12-02-16-17-09.jpg,e4c81bd21f7cc289891a7084e8d8ab89
Metal,00000037-PHOTO-2025-12-02-16-17-09.jpg,0ffd3b2a0542f0ad6632a07f1b9f583d
Metal,00000038-PHOTO-2025-12-02-16-17-09.jpg,7cdb2ec8b129d591d50b617b432e9ef1
Metal,00000040-PHOTO-2025-12-02-17-24-19.jpg,8a17b3977b73035e6ab7323f199542a2
Metal,00000041-PHOTO-2025-12-02-17-24-19.jpg,3b59d064bd19a57501dc5305b478edb9
Metal,00000042-PHOTO-2025-12-02-17-46-50.jpg,c2900346ad50897fb56b830f648d1b27
Metal,00000043-PHOTO-2025-12-02-17-47-08.jpg,7442b38809420912ed4a29b943cfb935
Metal,00000044-PHOTO-2025-12-02-17-52-53.jpg,7dd461dc16129fccce86d7c69736d4eb
Metal,00000045-PHOTO-2025-12-02-17-53-00.jpg,d794f2645ed24ce4314712ae87a772d8
Metal,00000046-PHOTO-2025-12-02-17-53-16.jpg,9370722e33c216fc58a6f6c2d231c230
Metal,00000047-PHOTO-2025-12-02-17-53-24.jpg,e82f2c48c47874582df2c47fa864d2ff
Metal,00000048-PHOTO-2025-12-02-17-54-12.jpg,b62f34a86dafb957e86f69fa1eb646ad
Metal,00000049-PHOTO-2025-12-02-17-54-25.jpg,f0b206fc2e85bb17c5b8cd903c87a63c
Metal,00000050-PHOTO-2025-12-02-17-54-42.jpg,4575b0da20c4516a5b203b8f35733416
Metal,00000051-PHOTO-2025-12-02-17-55-58.jpg,d2216ec193556b0d30f80f1c95f0c08d
Metal,00000052-PHOTO-2025-12-02-17-56-02.jpg,0a9ea3a286bab61a6f7b7732c1f12aee
Metal,00000053-PHOTO-2025-12-02-17-56-14.jpg,4c7e3dbc2d6549865204968d13846d17
Metal,00000054-PHOTO-2025-12-02-17-56-25.jpg,bb6bc225091092ad9b08edb5efcaa408
Metal,00000055-PHOTO-2025-12-02-18-11-54.jpg,833cfe50b5874c92d8900783ad381691
Metal,00000056-PHOTO-2025-12-02-18-12-13.jpg,7f15e0391574086af4609f153c18d8cd
Metal,00000057-PHOTO-2025-12-02-18-18-37.jpg,cbcef2db561350420baf7fa973e8ed1b
Metal,00000058-PHOTO-2025-12-02-18-43-03.jpg,167342566fe4dd0a4395651fba84e96a
Metal,00000059-PHOTO-2025-12-02-18-44-37.jpg,fb8130f712aa296973ec9461f8e803a4
Metal,00000060-PHOTO-2025-12-02-18-47-25.jpg,d42ce0c51455f75fc9d4989cd18a8c7e
Metal,00000061-PHOTO-2025-12-02-19-16-25.jpg,f729c9cb20a52457ee1f34f897e4834d
Metal,00000062-PHOTO-2025-12-02-19-16-40.jpg,643ab9e8e132b809877a3b5e0e081273
Metal,00000064-PHOTO-2025-12-02-19-18-33.jpg,f162183d50544a1bb97e6d257e514c3f
Metal,00000065-PHOTO-2025-12-02-19-18-33.jpg,168b936dd752104c707cda3ca5f49d21
Metal,00000066-PHOTO-2025-12-02-19-18-33.jpg,89c1de49bf7480f92cac453c9dae3e11
Metal,00000067-PHOTO-2025-12-02-19-18-33.jpg,cb302b5ba84dc9d566c06bffe2f80b96
Metal,00000068-PHOTO-2025-12-02-19-19-39.jpg,7c8a8663c381d07195656c90361d346e
Metal,00000069-PHOTO-2025-12-02-19-19-46.jpg,02ed37c380f66fdb9634c893cd46327e
Metal,00000070-PHOTO-2025-12-02-19-19-52.jpg,9d2360b89d94cf26414c28e8465a388f
Metal,00000071-PHOTO-2025-12-02-19-19-59.jpg,58801a9008162d102d63c41fb590fb83
Metal,00000072-PHOTO-2025-12-02-19-20-05.jpg,1071f77eee819dda4177c05cef3f7598
Metal,00000073-PHOTO-2025-12-02-19-20-12.jpg,0788b853bd5d2d7d3faf7ddae6dd79d6
Metal,00000074-PHOTO-2025-12-02-19-20-24.jpg,dceaa4eeb39e3f08832a8f33d81adce3
Metal,00000075-PHOTO-2025-12-02-19-20-28.jpg,bc2f8d9993222b66d7d69662c33cf681
Metal,00000076-PHOTO-2025-12-02-19-20-33.jpg,33db145cccb3180d5ddb236114ca879e
Metal,00000077-PHOTO-2025-12-02-19-30-17.jpg,394a8f69b098fe00899fdedd7fea32f4
Metal,00000078-PHOTO-2025-12-02-19-30-23.jpg,b1c5fe2170f568e8f90d3b94786751fa
Metal,00000079-PHOTO-2025-12-02-19-30-37.jpg,edc5ce219231a87a08ffc5a4a5ceb6a3
Metal,00000080-PHOTO-2025-12-02-19-30-53.jpg,746c22339805c92d1411675f0a6810a9
Metal,00000081-PHOTO-2025-12-02-19-30-58.jpg,2f4d52bbabc60aae7bbe2011d8cc82d8
Metal,00000082-PHOTO-2025-12-02-19-31-29.jpg,84340bf36a70f7949ececa07a0cbca48
Metal,00000084-PHOTO-2025-12-02-19-43-08.jpg,c42d0c0c37c48934defcd0d5f1f1782b
Metal,00000085-PHOTO-2025-12-02-19-43-08.jpg,136a1a008baffb165c252e6ca76d6273
Metal,00000086-PHOTO-2025-12-02-19-43-08.jpg,cd18884d609925d05f51fa36b665db40
Metal,00000087-PHOTO-2025-12-02-19-43-08.jpg,e68b2318448ba4971aa2251baa521195
Metal,00000088-PHOTO-2025-12-02-19-43-08.jpg,9ff1a9b9a914cff933aa1ed0180939e9
Metal,00000089-PHOTO-2025-12-02-19-43-08.jpg,ce1237f3344522e5b327c14df559eae9
Metal,00000091-PHOTO-2025-12-02-20-20-43.jpg,4130561d0d3d7f107425c4320aab7903
Metal,00000092-PHOTO-2025-12-02-20-20-43.jpg,331afe1b4181af9a2a5fe11f797db5c4
Metal,00000094-PHOTO-2025-12-02-20-30-55.jpg,90bc8512a86e30864f1c7e913b0afdff
Metal,00000095-PHOTO-2025-12-02-20-30-56.jpg,bbc16771d57b1068ef46ad9c0570a935
Metal,00000096-PHOTO-2025-12-02-20-30-56.jpg,89cf5ddcf39a80cdb77212157789ebae
Metal,00000097-PHOTO-2025-12-02-20-30-56.jpg,1b1a75052b92d77f374a31940c80852a
Metal,00000098-PHOTO-2025-12-02-20-30-56.jpg,9445ccedcd70f69156a5e1168f87836f
Metal,00000099-PHOTO-2025-12-02-20-57-44.jpg,d5608230577c7fa8cb3f865870ae148a
Metal,00000100-PHOTO-2025-12-02-20-57-44.jpg,8e75b44d7ea83fb76565588f543f5d71
Metal,00000101-PHOTO-2025-12-02-20-58-10.jpg,702aea012a4aee1a6e2485fc4cd00132
Metal,00000102-PHOTO-2025-12-02-20-58-21.jpg,3aaefed5500d653d3b0621622e5d2f5a
Metal,00000103-PHOTO-2025-12-02-20-58-27.jpg,a2b9b19abf94e7b6742e73ad8e2ab4e7
Metal,00000104-PHOTO-2025-12-02-20-58-33.jpg,20aeba1b419989082ffa7fae8d1d6f90
Metal,00000105-PHOTO-2025-12-02-20-58-44.jpg,7e7e014a8845c0c8b9acb45fa0fc30f7
Metal,00000106-PHOTO-2025-12-02-20-58-47.jpg,30ba2d6389fd4b17d2276eb95cc2f651
Metal,00000107-PHOTO-2025-12-02-20-58-53.jpg,129ca16fd1b76a8befd75d1068362168
Metal,00000108-PHOTO-2025-12-02-20-59-13.jpg,c6a86cbc338cd2215faa8d2bf37e4fca
Metal,00000109-PHOTO-2025-12-02-20-59-20.jpg,a0a676b6a0246f6280bea8af06227b62
Metal,00000110-PHOTO-2025-12-02-20-59-29.jpg,ffcbcf2ddf7d5ea034a7b14ea622f897
Metal,00000111-PHOTO-2025-12-02-20-59-36.jpg,3629d4d864fe027a9dd8b4fd9afbf16f
Metal,00000112-PHOTO-2025-12-02-20-59-45.jpg,8588b469e3568f8b2397c7cd1d301322
Metal,00000113-PHOTO-2025-12-02-20-59-52.jpg,43f313433d54a4a88efe44e6923804e4
Metal,00000114-PHOTO-2025-12-02-21-00-02.jpg,36b1d3ea35f3af42baea50b7d669e1df
Metal,00000115-PHOTO-2025-12-02-21-00-07.jpg,7727f8da31ba82e52aefc8f094aa2739
Metal,00000116-PHOTO-2025-12-02-21-00-11.jpg,b9e6e6ab7e34d96b94fb525efb9fde39
Metal,00000117-PHOTO-2025-12-02-21-00-16.jpg,9ca931f1ba4f87b19e025a631a753916
Metal,00000118-PHOTO-2025-12-02-21-00-28.jpg,f28cd6e3953c5f7656cb2a410866284b
Metal,00000119-PHOTO-2025-12-02-21-00-33.jpg,48225ab374134fdde22d43ad3fe42749
Metal,00000120-PHOTO-2025-12-02-21-00-42.jpg,3df455dc2fd5d88f2b7709f56e1f5be1
Metal,00000121-PHOTO-2025-12-02-21-00-48.jpg,a63e53c0a806c9cc6cea2fe4cc20c236
Metal,00000122-PHOTO-2025-12-02-21-01-07.jpg,e1dc3d2537b8ee7b0159c2db53d78b77
Metal,00000123-PHOTO-2025-12-02-21-01-21.jpg,b04a37c550b58d7d38f0f01a3e6903cc
Metal,00000124-PHOTO-2025-12-02-21-01-31.jpg,880a63b51141e487ab7582ec65138507
Metal,00000125-PHOTO-2025-12-02-21-01-41.jpg,78e0ab6504bdc2128d116b941af8021e
Metal,00000126-PHOTO-2025-12-02-21-01-47.jpg,208de1e5a7960bc8eea26ee514fb6293
Metal,00000127-PHOTO-2025-12-02-21-01-54.jpg,9131a090498ae514d3fcfbcf86237d80
Metal,00000128-PHOTO-2025-12-02-21-02-08.jpg,f0fb11a0628c0b82782620eea143a0b3
Metal,00000129-PHOTO-2025-12-02-21-02-16.jpg,1e4071cd678ca82d876f0b7b36bc44b8
Metal,00000130-PHOTO-2025-12-02-21-02-31.jpg,f9bd437afe5a2e475f88dab7872339c0
Metal,00000131-PHOTO-2025-12-02-21-02-46.jpg,4960024bfc1bd99520462e8164e35323
Metal,00000132-PHOTO-2025-12-02-21-02-49.jpg,bfc7e7ff7d5eb516641aa32c8e210066
Metal,00000133-PHOTO-2025-12-02-21-02-59.jpg,84b5050c17faa600a5e2b6b0b619d6be
Metal,00000134-PHOTO-2025-12-02-21-03-20.jpg,c0f7374ad49b4f549ea754208a3bdd91
Metal,00000135-PHOTO-2025-12-02-21-03-23.jpg,6186047f6ba0b9e04f5d4603dc8e532c
Metal,00000136-PHOTO-2025-12-03-14-17-22.jpg,6809e48491c76c3f2f6f4ca718083460
Metal,00000137-PHOTO-2025-12-03-14-17-35.jpg,65243517eed9d3be2c9988e769c3116c
Metal,00000138-PHOTO-2025-12-03-14-17-48.jpg,417f2dcbff84bc1b99ee4e8aa8f894c9
Metal,00000139-PHOTO-2025-12-03-14-18-01.jpg,bc3f6def7d849456ed340cf9ace8d7bd
Metal,00000140-PHOTO-2025-12-03-14-18-13.jpg,05500098af365169a532d5a3a522d827
Metal,00000141-PHOTO-2025-12-03-14-18-34.jpg,1cea12ea779d8e05dd9e478947959fc9
Metal,00000142-PHOTO-2025-12-03-14-18-44.jpg,a58a568f997e73f2ddcdb59d018b4be3
Metal,00000143-PHOTO-2025-12-03-14-18-58.jpg,f509f18e2658044ff49b7f1f64f16c89
Metal,00000144-PHOTO-2025-12-03-14-19-21.jpg,26bdb196f0f090418e15506cd879a179
Metal,00000145-PHOTO-2025-12-03-14-19-53.jpg,4045f9c9d49a3ae4c6be91c1e8dd9dcf
Metal,00000146-PHOTO-2025-12-03-14-19-58.jpg,b139cf57c618abfe7677a086a79de9b9
Metal,00000147-PHOTO-2025-12-03-14-20-13.jpg,3862564417c35b464596aa6b21be2c53
Metal,00000148-PHOTO-2025-12-03-14-20-25.jpg,2bd093c68a2ebe1c45a2148404636b2d
Metal,00000149-PHOTO-2025-12-03-14-20-36.jpg,a5216db9663ac18bda66a9b4e15fcdee
Metal,00000151-PHOTO-2025-12-03-15-33-56.jpg,81a9c674ca275618e4a5e564f235e3f4
Metal,00000152-PHOTO-2025-12-03-15-33-56.jpg,2a716b9516e1abd19e6f72c75c30dadf
Metal,00000153-PHOTO-2025-12-03-15-33-56.jpg,7d70386d7e23896aa4fafb151f38225e
Metal,00000154-PHOTO-2025-12-03-15-33-56.jpg,5a139ef4eac3e79f6957203519aecbee
Metal,00000155-PHOTO-2025-12-03-15-33-56.jpg,086fe2d4626fcaaa63c30ea6196e1ec8
Metal,00000156-PHOTO-2025-12-03-15-33-56.jpg,cb9ea9f9ff2c037736ad1ce625b7495e
Metal,00000158-PHOTO-2025-12-03-17-21-27.jpg,eb3f70507c6befb8e281645ee6adedf6
Metal,00000159-PHOTO-2025-12-03-17-21-27.jpg,1683f4f729131140cdd6f5a12849272f
Metal,00000160-PHOTO-2025-12-03-17-21-27.jpg,b7041c4c1a96d128c5873a31b98f69ab
Metal,00000161-PHOTO-2025-12-03-17-21-27.jpg,2b7d75c33fc0a6851fa33722cf8f9b3d
Metal,00000162-PHOTO-2025-12-03-17-21-27.jpg,4285c252bcfc0a6a7b27171d8325aee3
Metal,00000163-PHOTO-2025-12-03-17-21-27.jpg,691315635e3b3f1a6869a17c4524f79e
Metal,00000165-PHOTO-2025-12-03-17-34-32.jpg,407553b7cce0f2c2d215461a5868f1d3
Metal,00000166-PHOTO-2025-12-03-17-34-33.jpg,843c6440de52a7dd95ed9e55f2739339
Metal,00000167-PHOTO-2025-12-03-17-34-33.jpg,abbd309fcaaee2449da54398554cbc0e
Metal,00000168-PHOTO-2025-12-03-17-34-33.jpg,0c44726284e3be23ca5e3a202ddcc61a
Metal,00000170-PHOTO-2025-12-04-10-40-50.jpg,57b5c8efd6369ecae1516642f7818df4
Metal,00000171-PHOTO-2025-12-04-10-40-50.jpg,fff21ac28cfdedee85e63faad5bef4c7
Metal,00000172-PHOTO-2025-12-04-10-40-50.jpg,65f9bf6ddcce5a93f994b5fa14954db5
Metal,00000173-PHOTO-2025-12-04-10-40-50.jpg,aa101a84886c1399e8acbb87bd15ee28
Metal,00000174-PHOTO-2025-12-04-16-25-59.jpg,e7b4802f8f3116577e01b9e4ed0e054b
Metal,00000175-PHOTO-2025-12-04-16-26-03.jpg,4d457cd402c40526f24d6b9d040b3fa9
Metal,00000181-PHOTO-2025-12-05-16-02-08.jpg,410884b3d4664f0aa896ad707ebdd717
Metal,00000182-PHOTO-2025-12-05-16-02-17.jpg,b396e9b8256f2d44951196316662e625
Metal,00000183-PHOTO-2025-12-05-16-03-00.jpg,77665d18431b9c9cace24bcc60f31e9d
Metal,00000184-PHOTO-2025-12-05-16-03-12.jpg,9fb40db44e93fd9abbc3a75c23cae0ab
Metal,00000185-PHOTO-2025-12-05-16-03-27.jpg,7ca636a06aeff79ad75d484b712b4fec
Metal,00000186-PHOTO-2025-12-05-16-03-39.jpg,c2f32d662538a55049353e589ef0c448
Metal,00000187-PHOTO-2025-12-07-16-47-32.jpg,71ba57a27f8b71fb6795f0eb33b7cd33
Metal,00000188-PHOTO-2025-12-07-16-58-18.jpg,ea539a42d4b33fb7b9d7d9ba1cb25a02
Metal,00000189-PHOTO-2025-12-07-16-58-24.jpg,5d68efd19cfed22f8e2bf2ada1a9b4d0
Metal,00000191-PHOTO-2025-12-07-17-35-09.jpg,2035cf25e5273908726ad55d8c4650ef
Metal,00000192-PHOTO-2025-12-07-17-35-09.jpg,5e15ee911e796b4b272c0d66f8114306
Metal,00000193-PHOTO-2025-12-07-17-35-09.jpg,e19cb5e3ffd8926bd0f9d8d96fd81e54
Metal,00000194-PHOTO-2025-12-07-17-35-09.jpg,b5efb93e52017c55c77e0f68311db628
Metal,00000195-PHOTO-2025-12-07-17-35-10.jpg,7322bfc251fad404e3f1ecd5a029aa7a
Metal,00000196-PHOTO-2025-12-07-17-35-10.jpg,ef5b41982f5df46d524897e1bd212980
Metal,00000197-PHOTO-2025-12-07-17-35-10.jpg,5281bd55d9b0887dc292767a1f35e49c
Metal,00000198-PHOTO-2025-12-07-18-22-10.jpg,7622e9f0c33defeadeb6be08b0f56407
Metal,00000199-PHOTO-2025-12-07-18-22-23.jpg,d23a7d0583919902373953f87bd9c86c
Metal,00000200-PHOTO-2025-12-07-18-22-31.jpg,da0c8f54fcec31f8e4de1d296bcfad18
Metal,00000201-PHOTO-2025-12-07-18-22-31.jpg,ae94834d938e05aa3c2409765f5acd7d
Metal,00000202-PHOTO-2025-12-07-18-52-19.jpg,a75f2e7b0899aa56c70959f75b04928c
Metal,00000203-PHOTO-2025-12-07-18-52-30.jpg,cd90ef5216a0065d2df14d4e8f9d1dd7
Metal,00000204-PHOTO-2025-12-07-19-14-52.jpg,ddef5c1144669cd80ede90ca5ed55ca2
Metal,00000205-PHOTO-2025-12-09-09-51-24.jpg,add9761d8827c94fffb638f6d7914a30
Metal,00000206-PHOTO-2025-12-09-09-51-43.jpg,ec084b81253ef31e8df8d7601624bc25
Metal,00000207-PHOTO-2025-12-09-09-52-32.jpg,8ed46b4ac55f518735cf88494a560829
Metal,00000209-PHOTO-2025-12-09-10-00-32.jpg,e303eae9f05c530626322828d1afb981
Metal,00000210-PHOTO-2025-12-09-10-01-24.jpg,e48265ca1a8686d55c3cf19e7ebb0cb2
Metal,00000211-PHOTO-2025-12-09-10-02-24.jpg,6ca40cf42746705ab316431abc2afbcc
Metal,00000212-PHOTO-2025-12-09-10-02-33.jpg,0c6bf528d0416a2e09d53619ff619ce9
Metal,00000214-PHOTO-2025-12-09-10-06-48.jpg,a655a75b91899e137134726da677b442
Metal,00000215-PHOTO-2025-12-09-10-06-48.jpg,e400062cfa7725b609933690b7cf71f8
Metal,00000216-PHOTO-2025-12-09-10-06-48.jpg,a8aea07bfd4b2db293abd5abf432e530
Metal,00000217-PHOTO-2025-12-09-10-06-48.jpg,c0634b8fd61fd5804a0b5011adda9521
Metal,00000218-PHOTO-2025-12-09-10-06-48.jpg,b9079f1bca7f87755f36281ccb725522
Metal,00000219-PHOTO-2025-12-09-10-06-48.jpg,f133588f630d727fb545a868df01488a
Metal,00000220-PHOTO-2025-12-09-10-06-48.jpg,b91bb05ddb86157d76c8e93819d4f4d1
Metal,00000221-PHOTO-2025-12-09-10-06-48.jpg,dbaf8bb89c1830b3fe72acb2d613bb32
Metal,00000222-PHOTO-2025-12-09-10-06-48.jpg,0b4ce826e0c334c9ba2355b97ce2d60e
Metal,00000223-PHOTO-2025-12-09-10-06-49.jpg,8b4cefb0aac2e125cc340f36d289b7e0
Metal,00000225-PHOTO-2025-12-09-10-06-49.jpg,5602c2a6f32e0708b65d916be04c94ad
Metal,00000226-PHOTO-2025-12-09-10-06-49.jpg,0c2192507ee8c208120ab3c2c305a6a1
Metal,00000227-PHOTO-2025-12-09-10-06-49.jpg,00c7fc26adfc4b880e743e0fd0054473
Metal,00000228-PHOTO-2025-12-09-10-06-49.jpg,ab4119b7b5a2b94e8465c7bd6316a7d6
Metal,00000229-PHOTO-2025-12-09-10-06-49.jpg,18145e9e79881f806195e8dcee222c49
Metal,00000230-PHOTO-2025-12-09-10-06-49.jpg,87b632af06399021b521901c8a5be6b8
Metal,00000231-PHOTO-2025-12-09-10-06-49.jpg,ae5f67c10ad0bf10c7fb95b70304e332
Metal,00000233-PHOTO-2025-12-09-10-06-49.jpg,4fa7769cf8766a4c8794e86e3c385470
Metal,00000234-PHOTO-2025-12-09-10-06-49.jpg,a496367bc6a6edc19932b363abde9d20
Metal,00000235-PHOTO-2025-12-09-10-06-49.jpg,7cebe55c1f323a2ecd482e79a11b3151
Metal,00000236-PHOTO-2025-12-09-10-06-49.jpg,c8904346f01dbd0b09d4ecf376600bb5
Metal,00000237-PHOTO-2025-12-09-10-06-49.jpg,5171b251e32350cc141788998d07fa68
Metal,00000238-PHOTO-2025-12-09-10-06-49.jpg,76e6c19d459de64fd3c5ecc959819f42
Metal,00000239-PHOTO-2025-12-09-10-06-49.jpg,8f80cc22adb42b76175988341bff5157
Metal,00000240-PHOTO-2025-12-09-10-06-49.jpg,3ac5b8966c759620a094f2a966ba7523
Metal,00000241-PHOTO-2025-12-09-10-06-49.jpg,ed8bdab16b10d7e3c5cc9d8c5ce4ccf8
Metal,00000242-PHOTO-2025-12-09-10-06-49.jpg,b98e7e00b5db3c518a2677024e83b0f2
Metal,00000243-PHOTO-2025-12-09-10-06-50.jpg,3a6786c5eaa8f5d3198905ab68b737c7
Metal,00000244-PHOTO-2025-12-09-10-06-50.jpg,15a21409b88db2bf139b97effdef67d2
Metal,00000245-PHOTO-2025-12-09-10-06-50.jpg,877a4f297c51644f7e262597ebee9a78
Metal,00000246-PHOTO-2025-12-09-10-06-50.jpg,4e0af3589502d8e1e8880cd772c836ef
Metal,00000247-PHOTO-2025-12-09-10-06-50.jpg,44e74a114a5587ccdd3a2d702375efbf
Metal,00000248-PHOTO-2025-12-09-10-06-50.jpg,7c57be7e32fd17feff39ae4e8419aed3
Metal,00000249-PHOTO-2025-12-09-10-06-50.jpg,38c97e819c48672c1e29bd0e3271f192
Metal,00000250-PHOTO-2025-12-09-10-06-50.jpg,6f60e9de9c77d08ceb72169b4b4e2e1d
Metal,00000251-PHOTO-2025-12-09-10-06-50.jpg,3f652f6ebcb6a8e82a566c03c422e8e1
Metal,00000252-PHOTO-2025-12-09-10-06-50.jpg,39bb6635282d8aa78facbe55fce09a8a
Metal,00000253-PHOTO-2025-12-09-10-06-50.jpg,2ca8a0d2854c36b97b2b615515495f87
Metal,00000254-PHOTO-2025-12-09-10-06-50.jpg,c2869a2be825a94108b26deef941a664
Metal,00000255-PHOTO-2025-12-09-10-06-50.jpg,54db2a43cabf3650e5c12def0e05e74a
Metal,00000257-PHOTO-2025-12-09-10-13-43.jpg,ad5cf39db18dead6a14904e5151dfb12
Metal,00000258-PHOTO-2025-12-09-10-13-44.jpg,442a813468e95960385ab2fe9937147b
Metal,00000259-PHOTO-2025-12-09-10-13-44.jpg,48ee213db9bda454b096b25efa0738c4
Metal,00000260-PHOTO-2025-12-09-10-13-45.jpg,48e91b35f610c36f416f89e8ef9eb0eb
Metal,00000261-PHOTO-2025-12-09-10-13-45.jpg,d419df2d40178ae647b097c1e7b4d551
Metal,00000262-PHOTO-2025-12-09-10-13-46.jpg,d24484d2bf792741d80a7af06975265a
Metal,00000263-PHOTO-2025-12-09-10-13-46.jpg,8a7a000522abd68030c9d749c1c0f39a
Metal,00000264-PHOTO-2025-12-09-10-13-47.jpg,a3c5ef701682fb13d2f244122181556b
Metal,00000265-PHOTO-2025-12-09-10-13-48.jpg,0c3abf48d231e7b3647acbeb385abf46
Metal,00000266-PHOTO-2025-12-09-10-13-49.jpg,c883321367c924c6708da53e8ada981e
Metal,00000267-PHOTO-2025-12-09-10-13-49.jpg,c061c2dad237034e57eef588a9c59a8a
Metal,00000268-PHOTO-2025-12-09-10-13-50.jpg,75b2476ff417c901e940637b9f6dafa9
Metal,00000269-PHOTO-2025-12-09-10-13-50.jpg,69c18bb179c60cdbc14bf12121b4d97a
Metal,00000270-PHOTO-2025-12-09-10-13-50.jpg,58de761f2a0b1366cbd33f913a8dbeee
Metal,00000271-PHOTO-2025-12-09-10-13-50.jpg,c48671a9888f50a2c9f3af1777da3dbb
Metal,00000272-PHOTO-2025-12-09-10-13-51.jpg,1ca0d743f6660dace4c3309ac22349e1
Metal,00000273-PHOTO-2025-12-09-10-13-51.jpg,239d566cd7c39b3b12e22357d3223c64
Metal,00000274-PHOTO-2025-12-09-10-13-51.jpg,dded40d44be73dc7c2e0e473c2c72183
Metal,00000275-PHOTO-2025-12-09-10-13-51.jpg,85cc2ae2a7b66221aeea990b42a89bb8
Metal,00000276-PHOTO-2025-12-09-10-13-52.jpg,90554f3251e8c5e5f10ed30069cd117c
Metal,00000277-PHOTO-2025-12-09-10-13-52.jpg,bad5ece3ce55d8a01b2f65a258df4860
Metal,00000278-PHOTO-2025-12-09-10-13-52.jpg,5b71794fd15624744f20f977bebe1b32
Metal,00000279-PHOTO-2025-12-09-10-13-52.jpg,0b8e405060d5edad15c8ca75b70e2cdc
Metal,00000280-PHOTO-2025-12-09-10-13-53.jpg,810e06bfce01b08d002e914d7adfe782
Metal,00000281-PHOTO-2025-12-09-10-13-53.jpg,c2d8d53479278ff1be1517bab52498e3
Metal,00000282-PHOTO-2025-12-09-10-13-53.jpg,6de4c43abde83097584be7262a9e71e5
Metal,00000283-PHOTO-2025-12-09-10-13-54.jpg,a0077b17f874cfd3afb4facd94457b1b
Metal,00000284-PHOTO-2025-12-09-10-13-54.jpg,a95c0a795982e85baaff11adab9f980a
Metal,00000285-PHOTO-2025-12-09-10-13-54.jpg,8421066e8355ef13e0145201cbed561b
Metal,00000286-PHOTO-2025-12-09-10-13-54.jpg,7e90770528457e175f0c5a421af45d22
Metal,00000289-PHOTO-2025-12-09-12-45-49.jpg,5320e673d529d8fe39b8ad5562928b52
Metal,00000290-PHOTO-2025-12-09-12-45-49.jpg,219cc00e9f2491a5c87dad1ef9e62959
Metal,00000291-PHOTO-2025-12-09-12-45-49.jpg,65c58a740462640edb6efae30b13bb1a
Metal,00000292-PHOTO-2025-12-09-12-45-49.jpg,8eab5924bea078166d7a269ff96f2bed
Metal,00000294-PHOTO-2025-12-09-21-40-19.jpg,8192eaf83574253503d41cfce7dd4464
Metal,00000295-PHOTO-2025-12-09-21-40-19.jpg,1c0cf50d4e2312384205c64faa84d75d
Metal,00000296-PHOTO-2025-12-09-21-40-19.jpg,42248cd94fb2b236902259f6590e63e9
Metal,00000297-PHOTO-2025-12-09-21-40-19.jpg,28bdff0b5d85750b4060e8aa21060446
Metal,00000298-PHOTO-2025-12-09-21-40-19.jpg,5dfa007b696cbf9a2a279cca9ef2babe
Metal,00000299-PHOTO-2025-12-09-21-40-19.jpg,f36ec350b36ccf91c374c6c67afae7d8
Metal,00000300-PHOTO-2025-12-09-21-40-19.jpg,5b2bb8b256862840816c34a98663105f
Metal,00000301-PHOTO-2025-12-09-21-40-19.jpg,a07be8837bfacef0472a105569f9a386
Metal,00000302-PHOTO-2025-12-09-21-40-19.jpg,fb3df1dac7f21606a03e64728d98eb9e
Metal,00000303-PHOTO-2025-12-09-21-40-19.jpg,e0ef5111a4d26307ad07641c8bbcf154
Metal,00000304-PHOTO-2025-12-09-21-40-19.jpg,a3ddf213d4adc4bd11ac2bae79f9ff88
Metal,00000305-PHOTO-2025-12-09-21-40-19.jpg,dfbac44d941b37a164bfa6d6dde8a738
Metal,00000306-PHOTO-2025-12-09-21-40-20.jpg,8168c529f468347c21a2574ec5a118e2
Metal,00000307-PHOTO-2025-12-09-21-40-20.jpg,770139bb6e225a2a715d45716c6bae89
Metal,00000308-PHOTO-2025-12-09-21-40-20.jpg,fd5a4b6baacaa7d36275a7a6e1b6d24d
Metal,00000309-PHOTO-2025-12-09-21-40-20.jpg,7407b1a04334ee0e125c32f570ecfa5e
Metal,00000310-PHOTO-2025-12-09-21-40-20.jpg,dbaf757d828eac0f05254385248d4790
Metal,00000311-PHOTO-2025-12-09-21-40-20.jpg,8bca1209d509c031d35aef55575517fb
Metal,00000312-PHOTO-2025-12-09-21-40-20.jpg,8912454f390a57acc70054fdcfc94216
Metal,00000313-PHOTO-2025-12-09-21-41-08.jpg,b9bb6939b9aa810f9353967f7b00bda5
Metal,00000314-PHOTO-2025-12-09-21-41-08.jpg,8b397b70f5100ab61298537615d8a1bc
Metal,00000315-PHOTO-2025-12-09-21-41-08.jpg,73323f50e8f5fbc4e8b9175523d87b48
Metal,00000316-PHOTO-2025-12-09-21-41-08.jpg,bcacb4c5f0761ea65907cbfb14d84a86
Metal,00000317-PHOTO-2025-12-09-21-41-08.jpg,9b01044a4979e4c3d8f1f8c0e02e8859
Metal,00000318-PHOTO-2025-12-09-21-41-08.jpg,a8ff1794c3d5c6f9dbc717c82243092f
Metal,00000319-PHOTO-2025-12-09-21-41-08.jpg,510e1f916be0bb7a4d67e56ed263d195
Metal,00000320-PHOTO-2025-12-09-21-41-08.jpg,5a78186384a381a75651842bf4961f9d
Metal,00000321-PHOTO-2025-12-09-22-19-29.jpg,3d216a08361b823c3e824ba68e38cad8
Metal,00000322-PHOTO-2025-12-09-22-19-36.jpg,79e940b04b9d0a835430e007e54bda10
Metal,00000323-PHOTO-2025-12-09-22-19-40.jpg,2187c63ba8a7cbdf93b9e66b935b6c98
Metal,00000324-PHOTO-2025-12-09-22-19-50.jpg,f479b33b9f9b8cdf5058d3ddf8d03c9e
Metal,00000325-PHOTO-2025-12-09-22-19-56.jpg,810fb7d84b25fce23fbff7503cb325ea
Metal,00000326-PHOTO-2025-12-09-22-20-03.jpg,36727818be965ce0aa27af1fbbf59f23
Metal,00000327-PHOTO-2025-12-09-22-20-13.jpg,7b5127e162d0b588595bb4ccb646374d
Metal,00000328-PHOTO-2025-12-09-22-20-20.jpg,27f38df04e6a0a528347f437ed0b0aad
Metal,00000329-PHOTO-2025-12-09-22-20-26.jpg,e780337160f48e210eb8a718f8e64a31
Metal,00000330-PHOTO-2025-12-09-22-20-41.jpg,eb82a4116212ec83d7a867417cc4c83e
Metal,00000331-PHOTO-2025-12-09-22-20-48.jpg,04e8c865b57314273757d7da0f108179
Metal,00000332-PHOTO-2025-12-09-22-20-54.jpg,7ff286eaa8d6a52f39eda014e717a765
Metal,00000333-PHOTO-2025-12-09-22-21-01.jpg,59150c19558654b970134104e69f3cba
Metal,00000334-PHOTO-2025-12-09-22-21-09.jpg,2d5fd02c0037c9aec4cc399a99ae1184
Metal,00000335-PHOTO-2025-12-09-22-21-14.jpg,f376e56295b036c8fa2b2f750f76a8dc
Metal,00000336-PHOTO-2025-12-09-22-21-25.jpg,fe846cbdc32ca8649b42f0b17fac451e
Metal,00000337-PHOTO-2025-12-09-22-21-30.jpg,29ed01afc4bb105d5ea4ed87c03e6858
Metal,00000338-PHOTO-2025-12-09-22-21-38.jpg,757a99919f3c6e2d0e2ab1ebff5b853e
Metal,00000339-PHOTO-2025-12-09-22-21-47.jpg,a12d76bbee54f1c516f858749ed9b115
Metal,00000340-PHOTO-2025-12-09-22-21-53.jpg,0b0370c18aba236849de2fff737ad583
Metal,00000341-PHOTO-2025-12-09-22-22-00.jpg,2c30dbaeacd9ff982f220994785f2a65
Metal,00000342-PHOTO-2025-12-09-22-22-10.jpg,68c9fbde3461f6a6afc00c7233fcb3f5
Metal,00000343-PHOTO-2025-12-09-22-22-18.jpg,4f5fc6e3ba406b30695c636d938c8c47
Metal,00000344-PHOTO-2025-12-09-22-22-25.jpg,f9146966269d7c4b85f317d3579f2e6a
Metal,00000345-PHOTO-2025-12-09-22-22-44.jpg,2f39a73b99d6b3f30db946ed06eed771
Metal,00000346-PHOTO-2025-12-09-22-22-52.jpg,d3972f10b6d095ceb881719f48f0c9b6
Metal,00000347-PHOTO-2025-12-09-22-22-58.jpg,9d9bbc0a6472e5b7cce87d35eb637e21
Metal,00000348-PHOTO-2025-12-09-22-23-20.jpg,00e7e61970f3f251c38500cb6c21d77d
Metal,00000349-PHOTO-2025-12-09-22-23-30.jpg,0a65c3003a3ec2494677cb6bbab8642e
Metal,00000350-PHOTO-2025-12-09-22-23-37.jpg,bc5dacbc25c5ba11b2b45c254258335c
Metal,00000351-PHOTO-2025-12-09-22-23-55.jpg,7e7372e6ef5dc395c2003d529aa2a14f
Metal,00000352-PHOTO-2025-12-09-22-24-02.jpg,88d1396e7da7faed37764c38ad1c32ac
Metal,00000353-PHOTO-2025-12-09-22-24-41.jpg,479fc95bffecfa8a7476a85b5e5dd0fb
Metal,00000354-PHOTO-2025-12-09-22-24-54.jpg,5b0d24d436ccb52c886eb83ea6b6bd03
Metal,00000355-PHOTO-2025-12-09-22-25-07.jpg,13c61a05d5b63c2c28568b18f7894112
Metal,00000357-PHOTO-2025-12-09-22-27-17.jpg,a7931bf631fd6940883e6990512a3c14
Metal,00000358-PHOTO-2025-12-09-22-27-18.jpg,96241e54377fd72c79c0d905c7d2bea2
Metal,00000359-PHOTO-2025-12-09-22-27-18.jpg,1428fa95d9003a537c491d56d008d6b7
Metal,00000360-PHOTO-2025-12-09-22-27-25.jpg,08908bbe97b6277eae1262333d54a035
Metal,00000361-PHOTO-2025-12-09-22-27-29.jpg,009876cbcd264fc89fa74204e54f0816
Metal,00000362-PHOTO-2025-12-09-22-27-39.jpg,b0a821b86132ae65facba36bc90d423a
Metal,00000363-PHOTO-2025-12-09-22-27-58.jpg,cf9b70d4434c339fee10c6e376c10fc2
Metal,00000364-PHOTO-2025-12-09-22-28-03.jpg,8702888f6e287090332f20010bf6b117
Metal,00000365-PHOTO-2025-12-09-22-28-11.jpg,55eea53391f6470a4dc12956d6d7fce1
Metal,00000367-PHOTO-2025-12-09-22-33-13.jpg,c03e4a375640da79737dc57948a8a398
Metal,00000368-PHOTO-2025-12-09-22-33-21.jpg,5d2bafef1007ea5d1c9a07d95e8ea026
Metal,00000369-PHOTO-2025-12-09-22-33-27.jpg,8420ad76addad26761fc072822093010
Metal,00000370-PHOTO-2025-12-09-22-33-52.jpg,39b9052fa44ad345c32679165c4fd3cf
Metal,00000371-PHOTO-2025-12-09-22-33-57.jpg,d1a6d66c970f6a72091f31d79b20c43a
Metal,00000372-PHOTO-2025-12-09-22-34-02.jpg,1b8b20f90b972929eb62ea609f58ba53
Metal,00000373-PHOTO-2025-12-09-22-34-10.jpg,4a107006831808af9eb3771d67aa97a5
Metal,00000374-PHOTO-2025-12-09-22-34-14.jpg,67805d2b018a552eb46141bbdc3b6b72
Metal,00000375-PHOTO-2025-12-09-22-34-20.jpg,09a021bdeaa673bdfcc15152826822eb
Metal,00000376-PHOTO-2025-12-09-22-34-27.jpg,b9da5c9c362c5d08478d8954f1ccbd0a
Metal,00000377-PHOTO-2025-12-09-22-34-32.jpg,cc1825eef38571bba9f5037895637484
Metal,00000378-PHOTO-2025-12-09-22-34-37.jpg,70e996eb96d70e32a9f5e6a653f6b955
Metal,00000379-PHOTO-2025-12-09-22-34-45.jpg,b570a0c3307a88424db281ab1366d6bc
Metal,00000380-PHOTO-2025-12-09-22-34-50.jpg,275d9eeec86056201198ccc46a9418b1
Metal,00000381-PHOTO-2025-12-09-22-34-55.jpg,ea137e246fbd30e3be8f5b399529f64b
Metal,00000382-PHOTO-2025-12-09-22-36-25.jpg,14ed67350c234dfecece9e5c1d91537b
Metal,00000383-PHOTO-2025-12-09-22-36-32.jpg,37fbe64ed465421d3ae35bf5a69000e6
Metal,00000384-PHOTO-2025-12-09-22-36-45.jpg,e8044fd91ac990fc1f10374add1e05e9
Metal,00000385-PHOTO-2025-12-09-22-37-04.jpg,81ada4df6834119024acb89a7a9a5314
Metal,00000386-PHOTO-2025-12-09-22-37-10.jpg,806ad1df7657d492b7612d66c4cfed78
Metal,00000387-PHOTO-2025-12-09-22-37-19.jpg,8adee33cf6fbd477eafd1508c85dc280
Metal,00000388-PHOTO-2025-12-09-22-37-24.jpg,44a92b9070d37b8510b4afabab3b1a00
Metal,00000389-PHOTO-2025-12-09-22-37-39.jpg,a76684f7cac92e446005826082de155b
Metal,00000390-PHOTO-2025-12-09-22-37-51.jpg,e09a155954ee539c30051225e8ee26f4
Metal,00000391-PHOTO-2025-12-09-22-37-55.jpg,eba9887fd1d823642b63cc5a47ffeb0a
Metal,00000392-PHOTO-2025-12-09-22-38-06.jpg,dc587ad0c22520ffcaf264855ac691f3
Metal,00000393-PHOTO-2025-12-09-22-38-14.jpg,f6e9ad092f41d2940a2cba9154287b94
Metal,00000394-PHOTO-2025-12-09-22-38-21.jpg,21e7f30fcc4b565c42f8dae9e4ccccfd
Metal,00000395-PHOTO-2025-12-09-22-38-31.jpg,b0192e54668ecf01fd85f710380cbb39
Metal,00000396-PHOTO-2025-12-09-22-38-55.jpg,e703b2453b2a6e2bf34e6423ffc8d4e5
Metal,00000397-PHOTO-2025-12-09-22-39-02.jpg,98e25cf8d9b61abe7cf59a2d75645453
Metal,00000398-PHOTO-2025-12-09-22-39-09.jpg,2a28882028de1d3d7fbc7ac2c9782480
Metal,00000399-PHOTO-2025-12-09-22-39-16.jpg,c0b071a77c9dc79179919899b0b0ea25
Metal,00000400-PHOTO-2025-12-09-22-39-30.jpg,81f41e3ac83d3145853a35a71d7978c3
Metal,00000401-PHOTO-2025-12-09-22-39-47.jpg,ee8b531ee1cade195d80c614cc0fbe76
Metal,00000402-PHOTO-2025-12-09-22-39-55.jpg,0ae69e845dc720a0669080c06796cf13
Metal,00000403-PHOTO-2025-12-09-22-40-18.jpg,314201d8a926b09f0b7d73dde4fdfee6
Metal,00000404-PHOTO-2025-12-09-22-40-29.jpg,7f85c56a5844b4eb317ce3f2faca5fd8
Metal,00000405-PHOTO-2025-12-09-22-40-47.jpg,c2829e6bdfc475829e42d63422894f59
Metal,00000406-PHOTO-2025-12-09-23-06-06.jpg,701dde122b629f5420b6ac43dd62ddd8
Metal,00000407-PHOTO-2025-12-09-23-06-10.jpg,f746c8be2b96a958a0416c4cb0a19050
Metal,00000408-PHOTO-2025-12-09-23-06-16.jpg,b86ccb5c7dbd40a725ad3fdd7658387b
Metal,00000410-PHOTO-2025-12-09-23-07-00.jpg,953651b2a596a0f0be26b0514279bcea
Metal,00000411-PHOTO-2025-12-09-23-07-01.jpg,c329239dc3f320871c5d037237bbfede
Metal,00000412-PHOTO-2025-12-09-23-07-01.jpg,f24b3c06d32affe16233b6b9cacba387
Metal,00000413-PHOTO-2025-12-09-23-07-02.jpg,8bf479317cddb380e48b1e7b2bdff3e0
Metal,00000414-PHOTO-2025-12-09-23-07-02.jpg,5360ff6843feae4625295a7a55147680
Metal,00000415-PHOTO-2025-12-09-23-07-02.jpg,ed19920c0907f7996c8d25fbcd50fcad
Metal,00000416-PHOTO-2025-12-09-23-07-03.jpg,74c0fcd3c95ec6ac424bcda246690e79
Metal,00000417-PHOTO-2025-12-09-23-07-03.jpg,d76a515abf95e02816676496e55ecdef
Organic,00000016-PHOTO-2025-10-30-14-49-40.jpg,b6bb1efa9effebf1c357b21100caca4f
Organic,00000018-PHOTO-2025-11-04-10-25-32.jpg,ca0d8d71b90be66691a95b4789a0a860
Organic,00000019-PHOTO-2025-11-04-10-25-32.jpg,33ebe0c82b4a5da022e6d80f7cbede45
Organic,00000020-PHOTO-2025-11-04-10-25-36.jpg,ebb1c4976cd18cfeb0841b989b15c925
Organic,00000021-PHOTO-2025-11-04-10-25-37.jpg,7a05deacaeb0aaec0fed876425e9ee3e
Organic,00000031-PHOTO-2025-11-11-16-36-57.jpg,41afb1a4358d18282489e1acf5982185
Organic,00000032-PHOTO-2025-11-11-16-36-57.jpg,867950e7b9adf1cb32dd02bbd30fcca2
Organic,00000033-PHOTO-2025-11-11-16-36-57.jpg,8f02b7962827cdfcf892a20e5280fd48
Organic,00000034-PHOTO-2025-11-11-16-36-58.jpg,ca97240adef4fa45e058dbd8cb2cf055
Organic,00000035-PHOTO-2025-11-11-16-36-58.jpg,6935bd783e67c5dd6ec1f980dc9d8b2d
Organic,00000036-PHOTO-2025-11-11-16-36-58.jpg,722468a9b63aa650e19bb5aa97308142
Organic,00000037-PHOTO-2025-11-11-16-36-58.jpg,e8df96a1a932e8448e9c8969280b6bc4
Organic,00000039-PHOTO-2025-11-19-10-47-03.jpg,c1a6ea765e16d5282f1650b79f469a1c
Organic,00000040-PHOTO-2025-11-19-10-47-03.jpg,9278b9b621a602f119b2a7fbc14ce659
Organic,00000041-PHOTO-2025-11-27-06-55-35.jpg,6dba968655bca4f4e529a9e1252f4c93
Organic,00000043-PHOTO-2025-11-28-21-23-47.jpg,a64c3e349a1abd2ce74d994b1961e2b1
Organic,00000044-PHOTO-2025-11-28-21-23-47.jpg,f997e21a3cad2cb54ded0c19e3fe503f
Organic,00000045-PHOTO-2025-11-30-00-46-10.jpg,44829fe68488427764ce9fcc8ec559dd
Organic,00000046-PHOTO-2025-11-30-00-46-10.jpg,351633df3e163d2163c18800b95a01a4
Organic,00000047-PHOTO-2025-11-30-13-53-09.jpg,a04630a83bfc88ddaa8f31e6ee91af51
Organic,00000048-PHOTO-2025-11-30-14-48-59.jpg,2f4bbf1857a65e10418025e81f44cf2d
Organic,00000049-PHOTO-2025-11-30-16-52-02.jpg,e7c3e5a907501a08e2b1a8be70c645f3
Organic,00000050-PHOTO-2025-11-30-16-52-21.jpg,8308f460f20f2e4c7b3d9b034dda96fb
Organic,00000051-PHOTO-2025-11-30-16-52-34.jpg,e982844ddc696ecd6f64c8a67d043051
Organic,00000052-PHOTO-2025-11-30-16-52-50.jpg,df9762031e62ce8ffa9735bc06dce3ff
Organic,00000053-PHOTO-2025-11-30-16-56-27.jpg,d5b5bf979fbd5164740b556f15df638c
Organic,00000054-PHOTO-2025-11-30-16-57-07.jpg,8046ab5e1bd0e4c77660c222fa47fc2d
Organic,00000056-PHOTO-2025-11-30-23-24-15.jpg,93c2d1677448a68ffa6eda70ab1e4aa6
Organic,00000057-PHOTO-2025-11-30-23-24-42.jpg,e69150019969d0aafba4d03e6e9c35ea
Organic,00000058-PHOTO-2025-11-30-23-24-47.jpg,0025df74a488932f994006ebd1105ef0
Organic,00000059-PHOTO-2025-11-30-23-24-49.jpg,bd960c51b7d94dc6b0f4d053ad176198
Organic,00000060-PHOTO-2025-11-30-23-32-05.jpg,ce7bd6e05bacf9d9730132d30639d2f2
Organic,00000061-PHOTO-2025-12-01-12-36-56.jpg,daab75fff26ab335235fd839cf9216e5
Organic,00000062-PHOTO-2025-12-01-19-24-35.jpg,f6d44afbe8724aef51ae5884456f3e31
Organic,00000063-PHOTO-2025-12-02-11-32-51.jpg,d19e81f22608164a48ab41f6a6fbded9
Organic,00000065-PHOTO-2025-12-02-14-50-57.jpg,98b62be1faf863c51924dbadcd00f48e
Organic,00000066-PHOTO-2025-12-02-14-52-00.jpg,7c9bcb436928b9f52a3648b15e9e244c
Organic,00000067-PHOTO-2025-12-02-14-56-07.jpg,14f8616fe579abe7623412617d80a16c
Organic,00000068-PHOTO-2025-12-02-14-59-08.jpg,6447b5adeba07a16e5d623e92f6f2e5c
Organic,00000069-PHOTO-2025-12-02-14-59-24.jpg,fcad1e9a995ba5e1b3d846eb0b574880
Organic,00000070-PHOTO-2025-12-02-15-00-01.jpg,9ea1d446037a3189efe1201bc0d90da0
Organic,00000071-PHOTO-2025-12-02-15-00-23.jpg,ba0a5069825e3557b9207c2955c112e3
Organic,00000072-PHOTO-2025-12-02-15-31-36.jpg,955d04c46af908fa1e72b203e53f1a61
Organic,00000073-PHOTO-2025-12-02-15-44-18.jpg,fef7ef9aa6ffadd46587cfaa79124df8
Organic,00000075-PHOTO-2025-12-02-15-55-02.jpg,8d8d27846d2e8b8773cd411af0f6ae6c
Organic,00000076-PHOTO-2025-12-02-15-55-02.jpg,967bf34cb3299cd003ae58e24b1a20cb
Organic,00000077-PHOTO-2025-12-02-15-55-03.jpg,1ec4ecf3d0aad056330f67f1175054fc
Organic,00000078-PHOTO-2025-12-02-16-16-13.jpg,78f84edec0a9601ba37ae084ce0d482f
Organic,00000079-PHOTO-2025-12-02-17-19-27.jpg,b330d2107f94c124d3e919d55d89e672
Organic,00000080-PHOTO-2025-12-02-17-23-39.jpg,2754a5ecd2790f91591c3c98bb2d413d
Organic,00000081-PHOTO-2025-12-02-17-56-56.jpg,8780b0a4275a98e62e0f5b28332116a7
Organic,00000082-PHOTO-2025-12-02-17-57-07.jpg,ccd1edc97cf7c7d915b6c15b2e606375
Organic,00000083-PHOTO-2025-12-02-17-57-17.jpg,5fa94751450889bd29e0dbc47603dbd4
Organic,00000084-PHOTO-2025-12-02-17-57-27.jpg,e4dfd7a899c0870ce67330f9c6cc705e
Organic,00000085-PHOTO-2025-12-02-18-03-36.jpg,758158036a28e56bdd064080ade1e4dd
Organic,00000086-PHOTO-2025-12-02-18-08-50.jpg,80e86a79afbe63df28a8c5a10e637e03
Organic,00000087-PHOTO-2025-12-02-18-08-54.jpg,801afc2084173c6da296380f1a7dde08
Organic,00000088-PHOTO-2025-12-02-18-09-58.jpg,cd4a22b746d3dd4d12b46f0b7c94025d
Organic,00000089-PHOTO-2025-12-02-18-17-53.jpg,e16c2eae9ab93ceca69a8dc82830878b
Organic,00000090-PHOTO-2025-12-02-18-18-12.jpg,837b4d4670f3de74fce5fe38a107fd7f
Organic,00000091-PHOTO-2025-12-02-18-18-18.jpg,02d2f0dc30e193d48dd67872a3b40540
Organic,00000092-PHOTO-2025-12-02-18-27-33.jpg,ef48c416d254643fcad7ebcf38157499
Organic,00000093-PHOTO-2025-12-02-18-28-06.jpg,9602b3feb0beac9a20e19da4b3cfc85e
Organic,00000094-PHOTO-2025-12-02-18-28-13.jpg,5f672b1b90e19fe34505c0317ee4caf8
Organic,00000111-PHOTO-2025-12-02-18-37-25.jpg,9cdef9525880985d95b658d1a611d0cd
Organic,00000112-PHOTO-2025-12-02-20-06-52.jpg,faaff17056edc325abcff94464e2e3df
Organic,00000113-PHOTO-2025-12-02-20-08-40.jpg,9ab8b789e62595bbd49f2ded06d8367d
Organic,00000114-PHOTO-2025-12-02-20-08-41.jpg,c3d42e025c23db66b239007b67a06430
Organic,00000115-PHOTO-2025-12-02-20-20-30.jpg,8f3eb6c6364d842f1e40298cec3794ab
Organic,00000116-PHOTO-2025-12-02-21-14-47.jpg,ac63342a248feca1bf6b312ec41de666
Organic,00000117-PHOTO-2025-12-02-21-27-21.jpg,12ed00813854388f84ac7cc548c2a30b
Organic,00000118-PHOTO-2025-12-03-17-21-17.jpg,09e208eb8b1dab29becdaeb1c53f17f7
Organic,00000119-PHOTO-2025-12-04-13-39-33.jpg,9f75812f6705e68ab378dda2ecc63cf7
Organic,00000121-PHOTO-2025-12-04-14-17-42.jpg,6672425ea587f1df004c58afd8b7a631
Organic,00000122-PHOTO-2025-12-04-14-17-42.jpg,23914fcee261818f6b6f8f44a4fa33e3
Organic,00000123-PHOTO-2025-12-04-14-17-42.jpg,cf3eb67b49315b192bfe32833c0cf4ea
Organic,00000124-PHOTO-2025-12-04-14-17-42.jpg,1c69545f8128e418cbfb947cc3abd745
Organic,00000125-PHOTO-2025-12-04-14-19-10.jpg,f0cf2042e616df7d32e5de721bb156d4
Organic,00000127-PHOTO-2025-12-04-14-44-36.jpg,03e74f02d45a428f9aee6e1e2f3470c1
Organic,00000128-PHOTO-2025-12-04-14-44-36.jpg,94c197e5ea60087048beb06c75333014
Organic,00000129-PHOTO-2025-12-04-14-44-36.jpg,043a76b14bd5933d03fd1aa8de8a018e
Organic,00000130-PHOTO-2025-12-04-14-44-36.jpg,7dd2e7beac28b5ce370110b210dd5581
Organic,00000131-PHOTO-2025-12-04-14-44-37.jpg,a4842f42f17bd1b5f951c0ac999e1242
Organic,00000132-PHOTO-2025-12-04-14-44-37.jpg,a1c5fe3abc6386933b96c190a35050a8
Organic,00000133-PHOTO-2025-12-04-14-44-37.jpg,f31126ac38dd15130f249c7e1b8703c0
Organic,00000134-PHOTO-2025-12-04-14-44-37.jpg,a2ea11023819502ef634a826fe5cff60
Organic,00000135-PHOTO-2025-12-04-14-44-37.jpg,ab798a407cc4432a99ee3e5df6d7f328
Organic,00000136-PHOTO-2025-12-04-14-44-37.jpg,008bffc0e12027ded97b64715fd6ab20
Organic,00000137-PHOTO-2025-12-04-14-44-37.jpg,1d34d5a71738fbc04b53b9917ae108a1
Organic,00000138-PHOTO-2025-12-04-14-44-37.jpg,8b24c2389f7b6a5b411ba7cfca35be76
Organic,00000139-PHOTO-2025-12-04-14-44-37.jpg,ef0b6668aad6a4d8aa09936292063c64
Organic,00000140-PHOTO-2025-12-04-14-44-37.jpg,c4479ce8b5c23e02d842ed206e5cf389
Organic,00000141-PHOTO-2025-12-04-14-44-37.jpg,fb655fb1e43e359563ac71afdd2c7547
Organic,00000142-PHOTO-2025-12-04-14-44-37.jpg,ceb4d77a0ffa2078ef79cb61a212c408
Organic,00000143-PHOTO-2025-12-04-14-44-37.jpg,828f980e7006abcc98295d6eae6e1f36
Organic,00000144-PHOTO-2025-12-04-14-44-37.jpg,71adf78cf18a978e9de471e434e37aa2
Organic,00000146-PHOTO-2025-12-04-15-08-14.jpg,5f2a4a095c521d5b2cd16823b43f73eb
Organic,00000147-PHOTO-2025-12-04-15-08-15.jpg,1de30c719306dc3519c21ccab4f1168d
Organic,00000148-PHOTO-2025-12-04-15-08-15.jpg,9fe78dff4cb1f2d9cd5b1370a366dc95
Organic,00000149-PHOTO-2025-12-04-15-08-15.jpg,98d0c6c425c4391a8a87d9d95fd496d3
Organic,00000150-PHOTO-2025-12-04-15-08-16.jpg,d023e7e8cd2e2608cc319978e3c9d514
Organic,00000151-PHOTO-2025-12-04-15-08-16.jpg,cab164e214403cd86ba0c9b78bc1eab3
Organic,00000153-PHOTO-2025-12-04-19-18-49.jpg,3f1189bc62661773df0c9c8bee65cac1
Organic,00000154-PHOTO-2025-12-04-19-18-49.jpg,14e75f2ccace2f129f69a5f449b087d5
Organic,00000155-PHOTO-2025-12-04-19-18-49.jpg,7a966352c54e5ad2d05379b2b28e167b
Organic,00000156-PHOTO-2025-12-04-19-18-49.jpg,9b577cb6b50bcc4d2fc4d4f4117fbc4f
Organic,00000157-PHOTO-2025-12-04-19-18-49.jpg,5cd5c136143f2ad5ecdb35a31348e51d
Organic,00000158-PHOTO-2025-12-04-19-18-49.jpg,a8f2f908e9af4b80390f418064cc97f4
Organic,00000160-PHOTO-2025-12-06-12-14-15.jpg,61546bf9c2595edff6a261604e4eff41
Organic,00000161-PHOTO-2025-12-06-12-14-15.jpg,bbf56e6b8b95b01071330a180bbe849e
Organic,00000162-PHOTO-2025-12-06-12-14-15.jpg,e33ae1f564cf6fbf01b1ba9b328b4f8b
Organic,00000163-PHOTO-2025-12-06-12-14-16.jpg,75d9072102f0126a2965b5b036d7fe49
Organic,00000164-PHOTO-2025-12-06-12-14-16.jpg,7470fca39b46b28126bdd314b46d1ca7
Organic,00000165-PHOTO-2025-12-06-12-14-16.jpg,ba563b669d6cdf3eceda9f3d850e83e9
Organic,00000166-PHOTO-2025-12-06-12-14-16.jpg,002c6b07edb53bab04782d74c4fbad31
Organic,00000167-PHOTO-2025-12-06-12-14-16.jpg,9af1b83023f3ea285afc8fe8b951cf1f
Organic,00000168-PHOTO-2025-12-06-12-14-16.jpg,c3aae026d4a7da6c50f88103166c2433
Organic,00000169-PHOTO-2025-12-06-12-14-16.jpg,7610143113dc1a7ea92b4bcaef715b31
Organic,00000170-PHOTO-2025-12-06-12-14-16.jpg,4d173b414c09098f2ab11d3c6d66bc50
Organic,00000171-PHOTO-2025-12-06-12-14-16.jpg,5b0fa2684468e69660fbbbc3279f4fc0
Organic,00000172-PHOTO-2025-12-06-12-14-16.jpg,b836c96805e66587135c4f223547aade
Organic,00000173-PHOTO-2025-12-06-12-14-16.jpg,db1f995ed80057d24448f446d77c5b29
Organic,00000174-PHOTO-2025-12-06-12-14-16.jpg,cefe2862edcedb4ede2de2c020203277
Organic,00000175-PHOTO-2025-12-06-12-14-16.jpg,de2e02b3db029ccb953a2c6a7ee23d4e
Organic,00000176-PHOTO-2025-12-06-12-14-16.jpg,a283fe1b2a2680f5d7692d92e11b098c
Organic,00000177-PHOTO-2025-12-06-12-14-16.jpg,b6c14d68548ce32186eaf342697c9149
Organic,00000178-PHOTO-2025-12-06-12-14-16.jpg,98e80af4cabe8ab960ff625686d72f78
Organic,00000179-PHOTO-2025-12-06-12-14-17.jpg,c28664825889b9fc7297a014b77c1ca5
Organic,00000180-PHOTO-2025-12-06-12-14-17.jpg,f55b5d537c9ee843b124dde383e2f6e5
Organic,00000182-PHOTO-2025-12-07-16-14-44.jpg,272e05020088e5b1d96f78116edb67ee
Organic,00000183-PHOTO-2025-12-07-16-14-45.jpg,a5e61cbd265987f93020636a8460e11e
Organic,00000184-PHOTO-2025-12-07-16-14-45.jpg,43d4840063b4f1cf5b10d4cb60a2a7ed
Organic,00000185-PHOTO-2025-12-07-19-22-55.jpg,ce2b8177422aad1902f342ebe0355657
Organic,00000186-PHOTO-2025-12-09-13-56-24.jpg,2def801982de5e125f747fb9a91a59e9
Organic,00000187-PHOTO-2025-12-09-13-56-24.jpg,c7f3b59deb8bce51dbff250856b12439
Organic,00000188-PHOTO-2025-12-09-13-56-24.jpg,22de6f9d97a6550ba26e118d95f68b27
Organic,00000189-PHOTO-2025-12-09-13-56-24.jpg,4f944c437cf8d0a26f0ab13df207968a
Organic,00000190-PHOTO-2025-12-09-13-56-24.jpg,9e383822fb07d9da366d87d2fbfb2e1a
Organic,00000191-PHOTO-2025-12-09-13-56-24.jpg,b9544ec63cc23cf7ddfac088fd2c3809
Organic,00000192-PHOTO-2025-12-09-13-56-24.jpg,bba007ef4560864dc4c241d968b7576f
Organic,00000193-PHOTO-2025-12-09-13-56-24.jpg,fc815fdf7fe443326948f6346dfd3d6c
Organic,00000194-PHOTO-2025-12-09-13-56-24.jpg,cae9753306050a2820da0db806628a62
Organic,00000195-PHOTO-2025-12-09-13-56-24.jpg,7f4eb72e81750e24910df3599e89927b
Organic,00000196-PHOTO-2025-12-09-13-56-24.jpg,bf2e75b2d7016821502f46d5cd891789
Organic,00000197-PHOTO-2025-12-09-13-56-25.jpg,545cf9e8930a73be61a1ec3cec5195a8
Organic,00000198-PHOTO-2025-12-09-13-56-25.jpg,e46f91ffd83f2814e33ddac6ff6e5e53
Organic,00000199-PHOTO-2025-12-09-13-56-25.jpg,773841acedd3b6d5a3121937ecffa604
Organic,00000200-PHOTO-2025-12-09-13-56-25.jpg,81031163333a4666d0794023bff64ea2
Organic,00000201-PHOTO-2025-12-09-14-00-32.jpg,50f8986e0f911f334d1cb64a889d0874
Organic,00000202-PHOTO-2025-12-10-10-00-43.jpg,5978f529bac118ec6873c8474493579b
Organic,00000203-PHOTO-2025-12-10-11-18-20.jpg,6a2fee113da4e14158bf55a8115e9821
Organic,00000204-PHOTO-2025-12-10-11-18-37.jpg,70ff87b2984bc1e19e3d36408944b65a
Organic,00000205-PHOTO-2025-12-10-11-18-54.jpg,aea6c6a3f99db1e7ca5f80b655e1d838
Organic,00000206-PHOTO-2025-12-10-11-19-08.jpg,39b284019d40dcc456c31ed2df287003
Organic,00000207-PHOTO-2025-12-10-11-19-20.jpg,3b25430f17aa596f7cf7024003e8e360
Organic,00000208-PHOTO-2025-12-10-11-19-37.jpg,819e8797085228e7f537c04125adbdeb
Organic,00000209-PHOTO-2025-12-10-11-19-51.jpg,55410b3b3d73de80e6ac0e7568ba0095
Organic,00000210-PHOTO-2025-12-10-11-20-04.jpg,50fb28baad710401611dc58f5c1491c8
Organic,00000212-PHOTO-2025-12-10-11-21-51.jpg,7679e6ad68df118189f2fe3df33f594a
Organic,00000213-PHOTO-2025-12-10-11-49-49.jpg,47b57facf602da16ba7d7ec5bb124cb5
Organic,00000214-PHOTO-2025-12-10-11-49-49.jpg,1abc825e5db4415b18c9338941ce2795
Organic,00000215-PHOTO-2025-12-10-11-49-50.jpg,860b548316eda8f230f7e110c3d9f337
Organic,00000216-PHOTO-2025-12-10-11-49-50.jpg,7b7d56d2211931c588ad957ebf86b705
Organic,00000217-PHOTO-2025-12-10-11-49-50.jpg,7683a240cf8501b19f07637369bcc3ec
Organic,00000218-PHOTO-2025-12-10-11-49-50.jpg,b05750645602012ff89bfb652295511c
Organic,00000219-PHOTO-2025-12-10-11-49-51.jpg,333af3d4bbb9352706f58199091c715c
Organic,00000220-PHOTO-2025-12-10-11-49-51.jpg,5fafef2eeb7404909d1e756501c6111d
Organic,00000221-PHOTO-2025-12-10-11-49-51.jpg,be149a454d31b0eabb0ecbd9b55ce967
Organic,00000222-PHOTO-2025-12-10-11-49-51.jpg,a9210e9b2d7d29f87e75e2126de1b633
Organic,00000223-PHOTO-2025-12-10-11-49-52.jpg,5997d143027ec0875c13d610d98cf968
Organic,00000224-PHOTO-2025-12-10-11-49-52.jpg,a0247ae878cb8ff963581a53b2995dad
Organic,00000225-PHOTO-2025-12-10-11-49-52.jpg,13755eee368eef24df72e0de1cef729d
Organic,00000226-PHOTO-2025-12-10-11-49-53.jpg,debfc204ab235068f82628b93f790725
Organic,00000227-PHOTO-2025-12-10-11-49-53.jpg,f458013441666f0997eb0b199a7efc41
Organic,00000228-PHOTO-2025-12-10-11-49-53.jpg,49520254083966197c603c38ce55f607
Organic,00000229-PHOTO-2025-12-10-11-49-53.jpg,6baa2579856ab4f35437178af865da5d
Organic,00000230-PHOTO-2025-12-10-11-49-53.jpg,10678f86536f71b00c09fcbc31aa2588
Organic,00000231-PHOTO-2025-12-10-11-49-54.jpg,59cad777dad35f44c810699964726e65
Organic,00000232-PHOTO-2025-12-10-11-49-54.jpg,f25cf015b5e7b6a39d163f04d842b6e9
Organic,00000233-PHOTO-2025-12-10-11-49-54.jpg,b69ae2c59dc9561e1efb4f372d75596d
Organic,00000234-PHOTO-2025-12-10-11-49-55.jpg,d258ad849e95bdcab5d9ac3c3fda95a7
Organic,00000235-PHOTO-2025-12-10-11-49-55.jpg,539fca9375f937f4753aaeb8b2fb83c8
Organic,00000236-PHOTO-2025-12-10-11-49-55.jpg,47a9c15ed95dc2c91ebc4da38a7eb54a
Organic,00000237-PHOTO-2025-12-10-11-49-55.jpg,174e484cf6bb2b09ee6449e758d680f4
Organic,00000238-PHOTO-2025-12-10-11-49-55.jpg,c732cf97b5e543fb43d0f166c2107c62
Organic,00000239-PHOTO-2025-12-10-11-49-56.jpg,5e74c88a6b9810fdf9d2bf7065621b06
Organic,00000240-PHOTO-2025-12-10-11-49-56.jpg,69a9d8fb6d906c6832d47c5fea7e734b
Organic,00000241-PHOTO-2025-12-10-11-49-57.jpg,0f14aae9fbca1c45575c0f51aacab8ec
Organic,00000242-PHOTO-2025-12-10-11-49-57.jpg,9dffb15d602374005516829aad5b8360
Organic,00000243-PHOTO-2025-12-10-11-49-57.jpg,67ad6232cf7f01fc89eed4e4fdc41d45
Organic,00000244-PHOTO-2025-12-10-11-49-57.jpg,1e0c8a1eda26f1b4659dbaa4b96f2647
Organic,00000245-PHOTO-2025-12-10-11-49-58.jpg,c10dc9b4c0c47f2ffb56441afd08c85a
Organic,00000246-PHOTO-2025-12-10-11-49-58.jpg,928286441b10fe045a950acaddd846a5
Organic,00000247-PHOTO-2025-12-10-11-49-58.jpg,885d7330be224ebfabcb7f1bd8837bd4
Organic,00000248-PHOTO-2025-12-10-11-49-58.jpg,3c775331dd90fd4ab35b6779f358678a
Organic,00000249-PHOTO-2025-12-10-11-49-59.jpg,e9c9b01ed3bf8c63f8fe80bee744a9fd
Organic,00000250-PHOTO-2025-12-10-11-49-59.jpg,8808ea046fc560456d2ff98981ff68f2
Organic,00000251-PHOTO-2025-12-10-12-00-16.jpg,0f36b1fb6b3d81710986d6197af3d49f
Organic,00000252-PHOTO-2025-12-10-12-00-35.jpg,5610a2ccaa110b299f09f56e75641736
Organic,00000253-PHOTO-2025-12-10-12-01-31.jpg,c275190325b5526c1e0cd985d7950876
Organic,00000254-PHOTO-2025-12-10-12-01-43.jpg,7d6dfc79d426b0180537ae740aad60d6
Organic,00000255-PHOTO-2025-12-10-12-03-59.jpg,ac9cc65761575d895261e77e816de951
Organic,00000256-PHOTO-2025-12-10-12-04-28.jpg,d3126d1f56c6125dd181770c45ee6ed6
Organic,00000257-PHOTO-2025-12-10-12-04-39.jpg,68756b9e41089d872ac0ae8dfc2cc767
Organic,00000258-PHOTO-2025-12-10-12-04-53.jpg,f1734e1877b9b13f4561e5649eaf6c3e
Organic,00000259-PHOTO-2025-12-10-12-05-10.jpg,4cc0d9978719b9a5b034735e6ade5f64
Organic,00000260-PHOTO-2025-12-10-12-05-23.jpg,bdeb400eedde0666410f72b957dcdabf
Organic,00000261-PHOTO-2025-12-10-12-05-37.jpg,f2db756d43c5a7210306a7731a444301
Organic,00000262-PHOTO-2025-12-10-12-07-33.jpg,d3d256b4c95b3cebef0cb232bad8bc14
Organic,00000263-PHOTO-2025-12-10-12-07-44.jpg,0fe15e309cbccdd1a23b321ae0cf40f1
Organic,00000264-PHOTO-2025-12-10-12-07-55.jpg,3bee61e7a25d6f6893485af6d5bcac32
Organic,00000265-PHOTO-2025-12-10-12-08-03.jpg,d34a64534d015ba40ab7401673deaf4c
Organic,00000266-PHOTO-2025-12-10-12-08-15.jpg,25986cf6a71b60990fd2ea0f533d944e
Organic,00000267-PHOTO-2025-12-10-12-08-24.jpg,f8f7775bba0d4cfa5e67e3c07928fcc7
Organic,00000268-PHOTO-2025-12-10-12-08-47.jpg,04c9cafa6fcdcf5326e6bf68d0cccb3f
Organic,00000269-PHOTO-2025-12-10-12-09-03.jpg,e440d4211d8b18f404363ffdef163318
Organic,00000270-PHOTO-2025-12-10-12-09-25.jpg,d91f060e72279d5b4490487d27f7424f
Organic,00000272-PHOTO-2025-12-10-12-10-03.jpg,5318f3ba8d90596f37570bc1d59deb71
Organic,00000273-PHOTO-2025-12-10-12-10-20.jpg,0eaaa88707b02b76a060c478747379a4
Organic,00000274-PHOTO-2025-12-10-12-10-34.jpg,c59fe3abfce2245e739302a14d6ffc8a
Organic,00000275-PHOTO-2025-12-10-12-10-59.jpg,9f9b6108c7aec75f8084b21fcfb99073
Organic,00000276-PHOTO-2025-12-10-12-11-42.jpg,a947c6adac3ee0cc3957b76737b199f5
Organic,00000277-PHOTO-2025-12-10-12-12-41.jpg,0026355f1de511c908a1a467c371a4d8
Organic,00000278-PHOTO-2025-12-10-12-13-25.jpg,1729b04884d8319a21bb43ef237e121f
Organic,00000279-PHOTO-2025-12-10-12-13-42.jpg,5d6be10a4264d1a02eea05a33906eb8b
Organic,00000280-PHOTO-2025-12-10-12-14-18.jpg,ef899b6adbe2d02799866c7ff5822839
Organic,00000281-PHOTO-2025-12-10-12-15-37.jpg,9eb6ae9aa41b41ea68e3cbce14a8d5c9
Organic,00000282-PHOTO-2025-12-10-12-15-49.jpg,0062002cd84b85de4ec0e0a7412156bd
Organic,00000283-PHOTO-2025-12-10-12-16-08.jpg,3a7b816a60adf1433ca48ca09d06e159
Organic,00000284-PHOTO-2025-12-10-12-16-16.jpg,2745660c4033c07ed2aa39a0499ccfaf
Organic,00000285-PHOTO-2025-12-10-12-16-26.jpg,b033bb6ffccb6b29adbf7f62bb8ce718
Organic,00000286-PHOTO-2025-12-10-12-16-44.jpg,40727278659939a42c95d7583a7f2037
Organic,00000287-PHOTO-2025-12-10-12-17-00.jpg,ac234352f3dde7eaf322549e26130839
Organic,00000288-PHOTO-2025-12-10-12-17-32.jpg,c62b8fd928e64fa34621bfbaec71b9c2
Organic,00000289-PHOTO-2025-12-10-12-17-44.jpg,a5caad7b7554f8a2650c7614e7e923bc
Organic,00000290-PHOTO-2025-12-10-12-17-57.jpg,346dcf91ad2ccd42d886c888d744420e
Organic,00000291-PHOTO-2025-12-10-12-18-06.jpg,e61047606b6d2f69382f7255810e55da
Organic,00000292-PHOTO-2025-12-10-12-18-16.jpg,dbcc7be350b817a06982ad789b1ae464
Organic,00000293-PHOTO-2025-12-10-12-18-36.jpg,d2f5b176411ffc6c1983fcb7811b7365
Organic,00000294-PHOTO-2025-12-10-12-18-50.jpg,52cd763366956d48b9da699c9d0ad7ff
Organic,00000295-PHOTO-2025-12-10-12-20-29.jpg,c54fcb9201d1765234a252e0ee1b012d
Organic,00000296-PHOTO-2025-12-10-12-20-39.jpg,5c3c993962976f168db585153b5eeece
Organic,00000297-PHOTO-2025-12-10-12-20-51.jpg,b45bd05b387c418cac34fec5dce1f101
Organic,00000298-PHOTO-2025-12-10-12-21-13.jpg,1bd090be57ff5ab8978304c6fd3133e3
Organic,00000299-PHOTO-2025-12-10-12-21-26.jpg,961b577f7302c94cb1f4345e1c79e5e7
Organic,00000300-PHOTO-2025-12-10-12-21-39.jpg,ed31f6fb36fa0ca65fb667fd3576c964
Organic,00000301-PHOTO-2025-12-10-12-21-51.jpg,53c01f533135390e762452566bbbfcc0
Organic,00000302-PHOTO-2025-12-10-12-22-04.jpg,e28bbe7972b9969f030999907d95e38a
Organic,00000303-PHOTO-2025-12-10-12-22-16.jpg,3d95948b187b0cae03aa8a7d2854eea9
Organic,00000304-PHOTO-2025-12-10-12-22-34.jpg,5398a2a0f8d914299c72b98dc5051914
Organic,00000305-PHOTO-2025-12-10-12-22-52.jpg,3d4a8e26581ee57ca82d9223cf1e03e5
Organic,00000306-PHOTO-2025-12-10-12-23-05.jpg,b3298c82cdde6b64425ff7e2eab04ec0
Organic,00000307-PHOTO-2025-12-10-12-23-19.jpg,e72ae0058a6fd0d35917f9c07a928a7a
Organic,00000308-PHOTO-2025-12-10-12-24-46.jpg,50a21b03f0b7c1282bddce2983a085dd
Organic,00000309-PHOTO-2025-12-10-12-25-44.jpg,9e7bd01c76d7afbfc9de821181839b47
Organic,00000310-PHOTO-2025-12-10-12-26-03.jpg,da50917323568183907199673da7d5e6
Organic,00000311-PHOTO-2025-12-10-12-26-16.jpg,463fd1c06ed696fe0134919abecca8e2
Organic,00000312-PHOTO-2025-12-10-12-26-28.jpg,a1a2301203a4d64102c4e7bd890639ff
Organic,00000313-PHOTO-2025-12-10-12-26-56.jpg,bdf6e1745740c8fa481ae22c5fdf1059
Organic,00000314-PHOTO-2025-12-10-12-28-47.jpg,a85bc5ae53e7809a9b4b031c51459694
Organic,00000315-PHOTO-2025-12-10-12-28-50.jpg,5467b11a917c8bf7c0a549d0fe6c8bce
Organic,00000316-PHOTO-2025-12-10-12-28-50.jpg,21d3b7711648968ffd949f82f2e8f239
Organic,00000317-PHOTO-2025-12-10-12-33-01.jpg,c07e996b61838a8a0611908cfb7fd1c7
Organic,00000318-PHOTO-2025-12-10-12-33-18.jpg,577d37f0f61833b2ce09e1d373cf1d55
Organic,00000319-PHOTO-2025-12-10-12-33-29.jpg,8cd32927de82371265e798567eed2f3b
Organic,00000320-PHOTO-2025-12-10-12-33-47.jpg,36a0306fca350243ce58dc958c156a18
Organic,00000321-PHOTO-2025-12-10-12-33-59.jpg,46ac25db623ff00e354c08c6ba8cab3e
Organic,00000322-PHOTO-2025-12-10-12-34-05.jpg,82df78b524951ab1d0886582ec618b30
Organic,00000323-PHOTO-2025-12-10-12-34-21.jpg,c51b7c093d6071fcca1c90ecbdbf5b4c
Organic,00000324-PHOTO-2025-12-10-12-35-08.jpg,39c9868707ea4e19809f39ac36fe001f
Organic,00000325-PHOTO-2025-12-10-12-35-30.jpg,7fb943d1039f693e223b05b11a821c82
Organic,00000326-PHOTO-2025-12-10-12-35-49.jpg,563e329ab07ea86a17cf3657de1c1c38
Organic,00000327-PHOTO-2025-12-10-12-36-03.jpg,5b68f08170973bc086462d83a77f9bb7
Organic,00000328-PHOTO-2025-12-10-12-36-12.jpg,83da8be8f16f8fa624d5164073d52206
Organic,00000329-PHOTO-2025-12-10-12-36-18.jpg,cb661d94ed7b60e649b181786951be78
Organic,00000330-PHOTO-2025-12-10-12-36-25.jpg,16c74e9940217963988428fc7d28ba63
Organic,00000331-PHOTO-2025-12-10-12-36-35.jpg,f01129e1306e8a2abe9ee78f528ad5d4
Organic,00000332-PHOTO-2025-12-10-12-36-42.jpg,56e468b074e925aa123ee0458600b8fc
Organic,00000333-PHOTO-2025-12-10-12-38-18.jpg,c7d30f28b0843ea025cad47a380b991b
Organic,00000334-PHOTO-2025-12-10-12-38-29.jpg,875d27cd972996ead76b6d6aec452ff6
Organic,00000335-PHOTO-2025-12-10-12-38-43.jpg,56f926560d2a045d43530d1d292754aa
Organic,00000336-PHOTO-2025-12-10-12-38-56.jpg,e4a86b7b0919c3cc7d6a5994cf43ac49
Organic,00000337-PHOTO-2025-12-10-12-39-30.jpg,18ea8a00f3b464ee965730e8edd16aa2
Organic,00000338-PHOTO-2025-12-10-12-39-46.jpg,5c9c3f7c9f643375b22f4ef5e34cad37
Organic,00000339-PHOTO-2025-12-10-12-42-38.jpg,fb2371967ddc316e479912df432b13c8
Organic,00000340-PHOTO-2025-12-10-12-42-47.jpg,8ec3dc063217af342d38b86592f8e14f
Organic,00000341-PHOTO-2025-12-10-12-42-54.jpg,9abb004928e5ac97a65eb4865b9e09bb
Organic,00000342-PHOTO-2025-12-10-12-43-03.jpg,455670e15778eb9fe476c1b0b7fb83e6
Organic,00000343-PHOTO-2025-12-10-12-43-12.jpg,eea2898adf9e74515927c6cf9b9d277a
Organic,00000344-PHOTO-2025-12-10-12-43-22.jpg,d193acf86f4167852d8f9093c1bcde78
Organic,00000345-PHOTO-2025-12-10-12-43-30.jpg,168db6186dadedbb2c532693936824b2
Organic,00000346-PHOTO-2025-12-10-12-43-39.jpg,e0d126f656bc4954ee2084d3df303408
Organic,00000347-PHOTO-2025-12-10-12-43-55.jpg,c217eb33e93928920e0d69426dd2e7f2
Organic,00000348-PHOTO-2025-12-10-12-44-04.jpg,157515f8093fe70dfbd62d73c9954286
Organic,00000349-PHOTO-2025-12-10-12-44-12.jpg,941674b6ddf9e6eaafa52469bc812e0a
Organic,00000351-PHOTO-2025-12-10-12-44-25.jpg,a26477d6409a3f1ea9e8279721988d25
Organic,00000352-PHOTO-2025-12-10-12-44-25.jpg,7996543aefeea9003b418855bb382e0c
Organic,00000353-PHOTO-2025-12-10-12-44-34.jpg,94ffc65838f395c15a18b99deef65aa5
Organic,00000354-PHOTO-2025-12-10-12-44-43.jpg,83b647062f6836cbd4b99b683b4d4c0a
Organic,00000356-PHOTO-2025-12-10-12-50-19.jpg,8a0065ec32c4d11724247555729c8d97
Paper,00000005-PHOTO-2025-10-28-12-25-32.jpg,50c7825d3a764af894719956c8ca3be4
Paper,00000006-PHOTO-2025-10-28-12-26-14.jpg,38a05c7a647d04375be0852451066782
Paper,00000007-PHOTO-2025-10-28-12-26-18.jpg,55aecb1b464deb87f43767c35f1d91da
Paper,00000009-PHOTO-2025-10-28-14-56-00.jpg,d0b00268dc85621ff6780b81a0b2eb27
Paper,00000010-PHOTO-2025-10-28-22-03-56.jpg,377b56609dd0724eb71ea3337d9bdf81
Paper,00000011-PHOTO-2025-10-30-12-08-56.jpg,a5f78d5c8688d690c0f9995c83e7fc71
Paper,00000013-PHOTO-2025-10-30-12-09-46.jpg,6675c9bfcdbdcdf556e51d5fe0709b64
Paper,00000014-PHOTO-2025-10-30-12-09-46.jpg,35c9ee27250fcd85cdb4976c013cd983
Paper,00000015-PHOTO-2025-10-30-12-11-25.jpg,5dce75dd29b01b0dccb0f1f9425d0c15
Paper,00000016-PHOTO-2025-10-30-12-13-11.jpg,6ee4f060c4c5d27d082990e31c631f38
Paper,00000017-PHOTO-2025-10-30-14-46-48.jpg,fc09e381673f358501b6134a861702b9
Paper,00000018-PHOTO-2025-10-30-14-49-44.jpg,476d93f13db81c8910716db45b12ba42
Paper,00000019-PHOTO-2025-11-01-10-19-46.jpg,1d0414128e72ea704fbd840f9700403d
Paper,00000020-PHOTO-2025-11-01-10-19-47.jpg,9fd0ed6a62af530c8d807563111933fc
Paper,00000021-PHOTO-2025-11-04-11-21-21.jpg,abe20fe68f0171e6b1136cd75fc3a375
Paper,00000022-PHOTO-2025-11-04-11-28-21.jpg,ea5a054045bf932ef3d4fbd730ad1c5a
Paper,00000023-PHOTO-2025-11-04-11-28-54.jpg,b16ee9e46fb22261c297b60345d61408
Paper,00000026-PHOTO-2025-11-04-12-07-41.jpg,81580e9d2595e011b46ebe07804b4e3c
Paper,00000027-PHOTO-2025-11-04-12-07-41.jpg,90af2d03328c92e08af84ee77caf71ec
Paper,00000028-PHOTO-2025-11-04-12-07-41.jpg,1c7d3d0a6dddc4c99cae8ba60cc25e75
Paper,00000029-PHOTO-2025-11-04-12-07-42.jpg,6b5a9d98180cb090cc4f8678e6c166a3
Paper,00000030-PHOTO-2025-11-04-12-07-43.jpg,695136613d5924397c9b276cd3e4c8cd
Paper,00000031-PHOTO-2025-11-04-12-07-45.jpg,8a26991fd89bf02ea68d7c9505bd95e8
Paper,00000032-PHOTO-2025-11-04-12-07-45.jpg,1d7ba875e7e24402c8c90ae666af044b
Paper,00000033-PHOTO-2025-11-04-12-07-46.jpg,37f39b79a40db4b996b03379a240a8f1
Paper,00000035-PHOTO-2025-11-04-12-09-19.jpg,02d3d326c32da0376956fe741566c27f
Paper,00000036-PHOTO-2025-11-04-12-09-20.jpg,ad35098e60f11ec1bc87949288d61bba
Paper,00000037-PHOTO-2025-11-04-12-09-22.jpg,a72796e92028b3e813eea2560762667f
Paper,00000038-PHOTO-2025-11-04-12-09-23.jpg,51d3805191364a2ad9f953336de5ebf9
Paper,00000039-PHOTO-2025-11-04-12-54-43.jpg,eca4a4acd1d32a0c69922eb7950be3ca
Paper,00000040-PHOTO-2025-11-04-12-54-47.jpg,8c9c1c80156f2216038ca56531c66cf0
Paper,00000042-PHOTO-2025-11-04-12-55-08.jpg,4221ca00673ce3d35e902f5cf1c914bd
Paper,00000043-PHOTO-2025-11-04-12-55-11.jpg,79f6dae117b801bfdfedef2cbba5facb
Paper,00000049-PHOTO-2025-11-08-17-08-53.jpg,d2717ce5b383bf7b936e7c006b3782b9
Paper,00000050-PHOTO-2025-11-08-17-08-54.jpg,1311a8a9056a172d0ec55a23a986a21c
Paper,00000051-PHOTO-2025-11-08-17-08-54.jpg,1c7c6c3bd5411821944e4c484f25af94
Paper,00000052-PHOTO-2025-11-08-17-08-55.jpg,a5d46fa9d4cf62e4b6f49015d4898a2c
Paper,00000053-PHOTO-2025-11-08-17-08-55.jpg,101af0decfdfd69520fca5b9c7daff4d
Paper,00000054-PHOTO-2025-11-08-17-08-55.jpg,0274b0acaf5efb7525edbcff676c08d1
Paper,00000056-PHOTO-2025-11-17-17-27-48.jpg,924a136ee69bb40df3e5cbde360724b8
Paper,00000057-PHOTO-2025-11-17-17-27-48.jpg,3920c475fc36c1bf7f233556d3d1483e
Paper,00000058-PHOTO-2025-11-17-17-27-49.jpg,34da733c33ed4ee5a26ad18a95ca8ee7
Paper,00000059-PHOTO-2025-11-17-17-27-49.jpg,c3efc2f07a8ee3295d3ab21911a19810
Paper,00000060-PHOTO-2025-11-17-17-27-49.jpg,6e48874309130a9af98409baaca52db6
Paper,00000061-PHOTO-2025-11-17-17-27-50.jpg,770d152de7c4765d6bf0dff42181e7db
Paper,00000062-PHOTO-2025-11-17-17-27-50.jpg,287ec85568d8c2de07f69ce883a50a55
Paper,00000063-PHOTO-2025-11-17-17-27-50.jpg,132cd7a7ce1b7b256b8797252385e0d0
Paper,00000064-PHOTO-2025-11-17-17-27-51.jpg,e9f382a6c38a58c55213437d841a12fe
Paper,00000065-PHOTO-2025-11-17-17-27-53.jpg,c2a38fb8f4a6f4bf6324dcf97c59c0d4
Paper,00000066-PHOTO-2025-11-17-17-27-53.jpg,9dc1d6190321a0a34df884e0b77a6b28
Paper,00000067-PHOTO-2025-11-17-17-27-53.jpg,145d03e6645ffbb692e3c6a193d21183
Paper,00000068-PHOTO-2025-11-17-17-27-54.jpg,d25bfc1e16ab1bb119d1e9b037738fda
Paper,00000069-PHOTO-2025-11-17-17-27-54.jpg,1ccf749d006e2e6322182e1fe3e7ca4b
Paper,00000070-PHOTO-2025-11-17-17-27-55.jpg,d39f660a9dec2d37e8b7b4353ed99e67
Paper,00000071-PHOTO-2025-11-17-17-27-56.jpg,69ad993b3f324451613d425f86e3ca4c
Paper,00000072-PHOTO-2025-11-17-17-27-57.jpg,8c2dcba93c5dd8fa68cdca0d89adb850
Paper,00000073-PHOTO-2025-11-17-17-27-59.jpg,cb6692ba027eb9c3ec3d8085bb328d67
Paper,00000074-PHOTO-2025-11-17-17-27-59.jpg,efb1caec1557d941164de3b99ae66e86
Paper,00000075-PHOTO-2025-11-17-17-27-59.jpg,456488336f7d2371766801bcd52600f3
Paper,00000076-PHOTO-2025-11-19-10-46-28.jpg,f6cdba26841e443dbe1cacc31feda091
Paper,00000077-PHOTO-2025-11-30-23-43-55.jpg,ebccabcf9e2c1ea684d13637136738ff
Paper,00000078-PHOTO-2025-11-30-23-44-04.jpg,23f815b33edb4a995bebc14530a50e05
Paper,00000079-PHOTO-2025-11-30-23-44-30.jpg,b40d0ab3d698c16624afc777e387816f
Paper,00000080-PHOTO-2025-11-30-23-45-14.jpg,56078824587bb08c95e41b025a910519
Paper,00000081-PHOTO-2025-11-30-23-45-19.jpg,6f92ede780ce4cb9b17da64887df76ef
Paper,00000082-PHOTO-2025-12-01-12-27-44.jpg,fd3e6235c786858d314d53c429fc9123
Paper,00000083-PHOTO-2025-12-01-12-28-00.jpg,a382d2354a0087ac1574898e7a7315d0
Paper,00000084-PHOTO-2025-12-01-12-34-42.jpg,8874075912ba5d10a1884caf5f40300a
Paper,00000085-PHOTO-2025-12-02-10-17-24.jpg,c83bf8e81b2be4528342bc804a132567
Paper,00000086-PHOTO-2025-12-02-10-17-45.jpg,28521771dd87bee494e72dfa41238e4c
Paper,00000087-PHOTO-2025-12-02-12-38-39.jpg,0d9ac349d05279e3bae52eb05973e5ab
Paper,00000088-PHOTO-2025-12-02-12-38-45.jpg,792bac69e027e84901e4f812b203eec8
Paper,00000091-PHOTO-2025-12-02-15-54-15.jpg,2d8602578d3e8943e25d3b0bcd467c2b
Paper,00000092-PHOTO-2025-12-02-15-54-17.jpg,bdc169cc1e4d6dc8998c86018494bfe9
Paper,00000093-PHOTO-2025-12-02-15-54-17.jpg,03bfa37d9d79419f84104bd6124423dc
Paper,00000094-PHOTO-2025-12-02-15-54-18.jpg,967507153a462fcaee063e243799ea9b
Paper,00000095-PHOTO-2025-12-02-15-54-18.jpg,185950a0923ef930d2625dfc889d35dc
Paper,00000096-PHOTO-2025-12-02-15-54-18.jpg,ce70e8760aa3c96bdacc082fa3f4c2d9
Paper,00000098-PHOTO-2025-12-02-16-16-32.jpg,2b0d94fa51806f0f21cba5a20fdf11ef
Paper,00000099-PHOTO-2025-12-02-16-16-32.jpg,37d836d26a67800f1f9d87d415f5b8e5
Paper,00000100-PHOTO-2025-12-02-17-13-23.jpg,4286c6ac2fda0ebf665586bbb1446244
Paper,00000101-PHOTO-2025-12-02-17-13-29.jpg,85fc6b727fe3bb55af5fee3085fed6e5
Paper,00000106-PHOTO-2025-12-02-17-16-16.jpg,76cdde96204c030ba8baba044e127e29
Paper,00000107-PHOTO-2025-12-02-17-16-24.jpg,3ed6e510d64f2c8ca282f70be27acce9
Paper,00000108-PHOTO-2025-12-02-17-18-45.jpg,6a623e40bf7b0fa33d49b94e0745cd00
Paper,00000109-PHOTO-2025-12-02-17-18-46.jpg,60899548924e747f9c03182c1b17b618
Paper,00000110-PHOTO-2025-12-02-17-20-13.jpg,f4e0bf34f15cd003a086ef5f111814f8
Paper,00000111-PHOTO-2025-12-02-17-20-28.jpg,0c1da5cacaf5dfec5320e0482b7552bd
Paper,00000112-PHOTO-2025-12-02-17-20-54.jpg,c2ed7212f9f9b39b73d2473e3ad96185
Paper,00000115-PHOTO-2025-12-02-17-23-56.jpg,e99663229b93eb84155245160bd652a8
Paper,00000116-PHOTO-2025-12-02-17-23-56.jpg,6c0309ac2329d42f505e1eee502e07a5
Paper,00000117-PHOTO-2025-12-02-17-23-56.jpg,6b6eae1eb96edc3725897ea700c4cfce
Paper,00000118-PHOTO-2025-12-02-17-39-55.jpg,0afa0afeec46f289b0c3812b09c127ac
Paper,00000119-PHOTO-2025-12-02-17-39-55.jpg,d8acf7b5d560b38f0171abbbc777ec27
Paper,00000120-PHOTO-2025-12-02-17-48-33.jpg,0592d2e2e4e5ec7e87ef95c5692fa08e
Paper,00000121-PHOTO-2025-12-02-17-48-40.jpg,475b19a346c35816303414a3a3626b6d
Paper,00000122-PHOTO-2025-12-02-18-00-19.jpg,6065badf6477b1430fc9df5446057b73
Paper,00000123-PHOTO-2025-12-02-18-00-22.jpg,6e0485eb84346e042061acbc6110e24c
Paper,00000124-PHOTO-2025-12-02-18-00-33.jpg,ce7bf4d51cf8a5cbb594ff0eb643deb5
Paper,00000125-PHOTO-2025-12-02-18-00-41.jpg,97085ee4286a43dc49f3cac7a45760cd
Paper,00000126-PHOTO-2025-12-02-18-00-48.jpg,a31ee16081a50d4feb9cceab915f3050
Paper,00000127-PHOTO-2025-12-02-18-01-02.jpg,b6270df8628571374ac4ac47e1641576
Paper,00000128-PHOTO-2025-12-02-18-01-14.jpg,da7444285c181689128385a61979ce84
Paper,00000129-PHOTO-2025-12-02-18-01-22.jpg,66019d9921534f66bc16d89abd68b883
Paper,00000130-PHOTO-2025-12-02-18-01-29.jpg,cc7af4e714e8395f984ff3fc25c28491
Paper,00000131-PHOTO-2025-12-02-18-01-44.jpg,62cdf79a9479af69b699233aed2b9004
Paper,00000132-PHOTO-2025-12-02-18-01-51.jpg,117bc4af02653996e195b4266aa0c56a
Paper,00000133-PHOTO-2025-12-02-18-01-59.jpg,8b18ccf4c1e34b97933ea5fef8d54c00
Paper,00000134-PHOTO-2025-12-02-18-02-08.jpg,5a31621835156720f368fbf7a46afa17
Paper,00000135-PHOTO-2025-12-02-18-02-56.jpg,64fac8facf55c1c04e0fc676feade49d
Paper,00000136-PHOTO-2025-12-02-18-05-55.jpg,fa6f3f2b75caf9de53f87f22a6d0de7e
Paper,00000137-PHOTO-2025-12-02-18-06-01.jpg,54234005212cfb59112eafb08ba3708e
Paper,00000138-PHOTO-2025-12-02-18-06-07.jpg,bd3d32d2230b40b01e138a2e5870464c
Paper,00000139-PHOTO-2025-12-02-18-06-11.jpg,c2a3d952d8d33a9178acc5ce6953213e
Paper,00000140-PHOTO-2025-12-02-18-06-16.jpg,862d75c7408613b2d642c6714002da4a
Paper,00000141-PHOTO-2025-12-02-18-06-53.jpg,93147b492ce2c3de883fba86d6ab6cf5
Paper,00000142-PHOTO-2025-12-02-18-07-04.jpg,f3b7abbe702424a1dff8bf9274cce802
Paper,00000143-PHOTO-2025-12-02-18-07-19.jpg,10f4c5bb1dd1272e2ac334515916e3c8
Paper,00000144-PHOTO-2025-12-02-18-07-25.jpg,57fc59752a9979a13fb7c6b5d16d43b8
Paper,00000145-PHOTO-2025-12-02-18-07-53.jpg,b363701c55556e085930184f4b6e6a2e
Paper,00000146-PHOTO-2025-12-02-18-08-00.jpg,ef515614975fa881028bb7b0f8346a8c
Paper,00000147-PHOTO-2025-12-02-18-08-08.jpg,7e800b1e7ab3368fc65eb0788bb8e045
Paper,00000148-PHOTO-2025-12-02-18-08-14.jpg,3d0b94700dbd2cb798fca40322072d7d
Paper,00000149-PHOTO-2025-12-02-18-08-21.jpg,bc50c96348b06c32dffaf87ab085cd2e
Paper,00000150-PHOTO-2025-12-02-18-08-24.jpg,4f2697dee30ca0073f0ce6f809d38ca0
Paper,00000151-PHOTO-2025-12-02-18-08-30.jpg,3e8acd4420e38b10cf51f48d426dd550
Paper,00000152-PHOTO-2025-12-02-18-08-36.jpg,0263b641f7b2637a94b347a5309313b1
Paper,00000153-PHOTO-2025-12-02-18-09-09.jpg,a5e7f3c305c2d5be31cab093c7c8ace4
Paper,00000154-PHOTO-2025-12-02-18-09-18.jpg,c8a7d2484c4b14ff66d4272a0c14d6f4
Paper,00000155-PHOTO-2025-12-02-18-09-33.jpg,2ee7a93c0b610bf143255388d2549aff
Paper,00000156-PHOTO-2025-12-02-18-09-42.jpg,25935619036df9b48a5bb22bf97e6a1d
Paper,00000157-PHOTO-2025-12-02-18-10-45.jpg,191f296fa52e38dd78500670c87126e4
Paper,00000158-PHOTO-2025-12-02-18-10-52.jpg,a1983208cad4f6628bc359f26265607f
Paper,00000159-PHOTO-2025-12-02-18-11-19.jpg,3c6a36c9bf9d429a518d709a470c003d
Paper,00000160-PHOTO-2025-12-02-18-12-03.jpg,c46c43ebd5dfd09b91a13fc8ed7f3441
Paper,00000161-PHOTO-2025-12-02-18-12-08.jpg,32996279b9c28fd38407cd216d43d9f6
Paper,00000162-PHOTO-2025-12-02-18-12-33.jpg,5c1978575611dc44a057d518e581cc14
Paper,00000163-PHOTO-2025-12-02-18-12-39.jpg,6cac2eb996164fd8790b586e78c9cdfd
Paper,00000164-PHOTO-2025-12-02-18-14-19.jpg,7449febd3bcc6de6020f744c75137c5d
Paper,00000165-PHOTO-2025-12-02-18-14-23.jpg,021342f30a9a886f0f8438deea42ce22
Paper,00000166-PHOTO-2025-12-02-18-14-33.jpg,c6ea9cf7eb4e2b73878ec5316f7dbdba
Paper,00000167-PHOTO-2025-12-02-18-16-38.jpg,7f22ff5778e8f6a65649f4f1f3927b7b
Paper,00000168-PHOTO-2025-12-02-18-18-29.jpg,d07f5e0467ced992764bf70aa0a69705
Paper,00000169-PHOTO-2025-12-02-18-18-44.jpg,6076cbf3f29bad7bb8d7930e2db8a4ba
Paper,00000170-PHOTO-2025-12-02-18-18-49.jpg,55106cefd77c2a00d3e3b62af2e9a083
Paper,00000171-PHOTO-2025-12-02-18-23-03.jpg,14550b89df425c08607676d9f05b1518
Paper,00000172-PHOTO-2025-12-02-18-23-15.jpg,f5af347dc7ed60bd2c2110bd0cc6f0dc
Paper,00000173-PHOTO-2025-12-02-18-23-24.jpg,7291e641f21d80e702608135615dcde3
Paper,00000174-PHOTO-2025-12-02-18-23-27.jpg,7809a84ec537d90439a3f358a70583bf
Paper,00000175-PHOTO-2025-12-02-18-23-35.jpg,5ff8c5f2eef689cc7f95f680a04db9ed
Paper,00000176-PHOTO-2025-12-02-18-23-51.jpg,cb058a5daec4d17183b7fe80e8d1c8d9
Paper,00000177-PHOTO-2025-12-02-18-23-55.jpg,6f9c28203004a22a3528c3606cbf7e31
Paper,00000178-PHOTO-2025-12-02-18-23-59.jpg,1c423edc32f271fef2896f2e79ae9628
Paper,00000179-PHOTO-2025-12-02-18-24-04.jpg,d38fb0f76f3328b409b67fb7f228e166
Paper,00000180-PHOTO-2025-12-02-18-24-12.jpg,a6f0ab11785a1b8519ab15f35abf063e
Paper,00000181-PHOTO-2025-12-02-18-24-17.jpg,dc6dbfab51f4c53f16af17042083f102
Paper,00000183-PHOTO-2025-12-02-18-24-45.jpg,a36f35dbd1239240a6ce7e568d2946f1
Paper,00000184-PHOTO-2025-12-02-18-24-54.jpg,10cbc5d191ee158d196cc8e8e3cb4240
Paper,00000185-PHOTO-2025-12-02-18-25-01.jpg,765940f9b5ff82ce6eeabf526bca7a2a
Paper,00000186-PHOTO-2025-12-02-18-25-06.jpg,de92650d63d4c4c6138c5dde1f632951
Paper,00000187-PHOTO-2025-12-02-18-25-12.jpg,02aac1ffc1206a76cfcfac7451268e77
Paper,00000188-PHOTO-2025-12-02-18-25-18.jpg,476b43a3f3ba0b62765a3d71f005ca2b
Paper,00000189-PHOTO-2025-12-02-18-25-42.jpg,8c76bd40e722ea651dba881dea3a708a
Paper,00000190-PHOTO-2025-12-02-18-25-53.jpg,4aa927bf30a6ebd655c5daecbdea3407
Paper,00000191-PHOTO-2025-12-02-18-25-58.jpg,a660630d150519e4d6b3f7ff45d5640a
Paper,00000192-PHOTO-2025-12-02-18-26-02.jpg,a4697a5cff868d9cce87899ab2538e94
Paper,00000193-PHOTO-2025-12-02-18-26-04.jpg,d137cb02382e5e4ddedaee46f10ac3e6
Paper,00000194-PHOTO-2025-12-02-18-26-07.jpg,02c3b2a94f0242c1b7449d148e4775bf
Paper,00000195-PHOTO-2025-12-02-18-26-12.jpg,db8e87805e12813029637307fc6211ca
Paper,00000196-PHOTO-2025-12-02-18-26-58.jpg,114052bb3cfc8bdb55268d9f3d308f7f
Paper,00000197-PHOTO-2025-12-02-18-27-10.jpg,ea65908448555bffc1dc7b43f545b953
Paper,00000198-PHOTO-2025-12-02-18-27-16.jpg,45b0e522b88c2e9e8b38a30ee997cfff
Paper,00000199-PHOTO-2025-12-02-18-27-40.jpg,381a9a306106768e0ff77256c6108b0f
Paper,00000200-PHOTO-2025-12-02-18-27-43.jpg,e6e344bc33052f3b272a7a6aa1e6529b
Paper,00000201-PHOTO-2025-12-02-18-31-32.jpg,2a54bdcce77638fbca8c0a9b01acc1e2
Paper,00000202-PHOTO-2025-12-02-18-31-32.jpg,f6daf89c5be0438e6c4cae3e064fb2c5
Paper,00000203-PHOTO-2025-12-02-18-31-32.jpg,0827700ee9668926d387b46c86b17970
Paper,00000204-PHOTO-2025-12-02-18-31-32.jpg,e99b219757ceb2cfd15a93c927c4d4cb
Paper,00000205-PHOTO-2025-12-02-18-31-32.jpg,3736e1126a3667ea399f157e05c821a2
Paper,00000206-PHOTO-2025-12-02-18-31-32.jpg,80db965d9d6a4660d132bc23e09919ab
Paper,00000207-PHOTO-2025-12-02-18-31-32.jpg,3580f838266e30001ae44482cd66c0ac
Paper,00000208-PHOTO-2025-12-02-18-31-32.jpg,aba34310dbcdb3696969703d0d4300b0
Paper,00000209-PHOTO-2025-12-02-18-31-32.jpg,40f15ab1706ea721b4bbff0df185fd47
Paper,00000210-PHOTO-2025-12-02-18-31-32.jpg,8fe45ebff4111cdf14ab6e5a88370f8c
Paper,00000211-PHOTO-2025-12-02-18-31-32.jpg,d628592dd46fab5850457da11dc44a03
Paper,00000212-PHOTO-2025-12-02-18-31-32.jpg,4fb516aed8ad22c5b4d1977584ed87c6
Paper,00000213-PHOTO-2025-12-02-18-31-32.jpg,c9542c87e695218c99bf7fef126fbc3a
Paper,00000214-PHOTO-2025-12-02-18-31-32.jpg,9b23affdebeaded02a2a2fe4636d71b3
Paper,00000215-PHOTO-2025-12-02-18-31-32.jpg,8012e75d68e1f15343421fbfc93adb53
Paper,00000220-PHOTO-2025-12-02-18-32-54.jpg,2189971d6f989b3a54621a579bd6bf0e
Paper,00000221-PHOTO-2025-12-02-18-32-54.jpg,8570475a491ac1dd57de227b0abb9b8d
Paper,00000222-PHOTO-2025-12-02-18-36-12.jpg,347f5132f948d39309da1d4e993a33c5
Paper,00000224-PHOTO-2025-12-02-18-37-14.jpg,8719dc5a1c2cae66623b64cc8fb617a1
Paper,00000225-PHOTO-2025-12-02-18-37-15.jpg,da935e204968943f729b6be1fd7b7c39
Paper,00000226-PHOTO-2025-12-02-18-50-23.jpg,2add4931b9ed2987b3da4ea801634de1
Paper,00000228-PHOTO-2025-12-02-18-50-39.jpg,9650946a38dabf1e4babfe5356915883
Paper,00000229-PHOTO-2025-12-02-18-50-39.jpg,cc0fcbf5bee29824e2171f290c28b5d9
Paper,00000230-PHOTO-2025-12-02-18-50-39.jpg,f371bab245320b55533f271f6b16990c
Paper,00000231-PHOTO-2025-12-02-18-50-39.jpg,24092f382e286bf4c9daca4f5c478e8e
Paper,00000232-PHOTO-2025-12-02-18-50-39.jpg,a4b462d84152b7f7b4f21ee9c46cf9d1
Paper,00000233-PHOTO-2025-12-02-18-50-39.jpg,f472ba6ac95d691a37cde665abf0da7e
Paper,00000234-PHOTO-2025-12-02-18-50-39.jpg,7ed79f4f915f3f072bd763acefddc530
Paper,00000235-PHOTO-2025-12-02-18-50-39.jpg,f1d2f98c9e80a598863fd8dcfa13c94f
Paper,00000236-PHOTO-2025-12-02-18-50-39.jpg,a375d9262255ffffbcb9cc1dd78ef9e5
Paper,00000237-PHOTO-2025-12-02-18-50-39.jpg,6c7b023f1f0c3f3ed18fcf2dd6e58804
Paper,00000238-PHOTO-2025-12-02-18-50-39.jpg,99ab503ebce037e71993f44d6d37256a
Paper,00000239-PHOTO-2025-12-02-20-20-55.jpg,e444dd3a309e429445b04416a0561f22
Paper,00000240-PHOTO-2025-12-02-20-51-27.jpg,4ee8da04749be801b31eec1486d6c72f
Paper,00000241-PHOTO-2025-12-02-20-51-59.jpg,c088ec1750385d8b2c3a0c99034647f5
Paper,00000242-PHOTO-2025-12-03-14-11-01.jpg,ad5feda525cc67163de0971ca64b2d34
Paper,00000243-PHOTO-2025-12-03-14-11-08.jpg,34ee355ef19f98215a3a08df19b656a2
Paper,00000244-PHOTO-2025-12-03-14-11-13.jpg,3f2b46fdad48dca4e13639eadac88de0
Paper,00000245-PHOTO-2025-12-03-14-11-29.jpg,5c88c14efb6105342a68dc32d395c0b3
Paper,00000246-PHOTO-2025-12-03-14-11-48.jpg,dc75dbae776d635142cbfb05f9444874
Paper,00000247-PHOTO-2025-12-03-14-12-06.jpg,c108ba251f9f611df253a2047265af99
Paper,00000248-PHOTO-2025-12-03-14-12-45.jpg,d91c1f7887748d7eb2d7890c9358bca2
Paper,00000249-PHOTO-2025-12-03-14-14-00.jpg,7f3811bd362bcb4c7943c60d0f808061
Paper,00000250-PHOTO-2025-12-03-14-14-13.jpg,0a58d683a0aa48deef983d9c0f9418d2
Paper,00000251-PHOTO-2025-12-03-14-14-27.jpg,dde5794124447cc368109980524d2942
Paper,00000252-PHOTO-2025-12-03-14-15-03.jpg,08bd8bb71c83ff771ec959039faa51f7
Paper,00000253-PHOTO-2025-12-03-14-15-15.jpg,e76495c8fd10b769413df9e96674da9d
Paper,00000254-PHOTO-2025-12-03-14-15-38.jpg,ae14c99f51cf5b445c4ee516eafc411c
Paper,00000255-PHOTO-2025-12-03-14-15-46.jpg,67a7f1799b9ccfb8ad3483540ed3a52b
Paper,00000256-PHOTO-2025-12-03-14-16-18.jpg,a2120a2124197a41770f77de1a6cbcab
Paper,00000257-PHOTO-2025-12-03-14-16-45.jpg,fb8622e109e6875aefb9f77bc1c7b2c4
Paper,00000258-PHOTO-2025-12-03-14-17-01.jpg,40af37232ae1d7edb9f18834d8c6e262
Paper,00000260-PHOTO-2025-12-03-17-34-59.jpg,382f47201004fa78d242d1e14a26d4c3
Paper,00000261-PHOTO-2025-12-03-17-35-00.jpg,1eb44ae24d5f36cc9af863d07683a41d
Paper,00000262-PHOTO-2025-12-03-17-35-00.jpg,0c0cc461c33fbfbdb04b33303f41d259
Paper,00000263-PHOTO-2025-12-03-17-35-00.jpg,2007d9157b7ffa12c3a66879e416ad2f
Paper,00000264-PHOTO-2025-12-03-17-35-00.jpg,1cc7b2e970b7a9ef4fd90e08d68d792c
Paper,00000265-PHOTO-2025-12-03-17-35-00.jpg,7cfd933c1946719ac609cb37e2a55e51
Paper,00000266-PHOTO-2025-12-03-17-35-00.jpg,35338cdaa8c74c634a51102490921dee
Paper,00000267-PHOTO-2025-12-03-17-58-04.jpg,92bbce914c6cf25271c49fbaddb87d73
Paper,00000268-PHOTO-2025-12-03-17-58-04.jpg,7b9a06c6c2c7cecd9e6ed2fb037498a1
Paper,00000269-PHOTO-2025-12-03-17-58-04.jpg,41d0e083c0f34ab7fe46ca99fcbf1fd0
Paper,00000270-PHOTO-2025-12-03-17-58-05.jpg,4dfc15e13cb5d37306bb0921f8865751
Paper,00000271-PHOTO-2025-12-03-17-58-05.jpg,d8167ae50332722377e72d7c7584270a
Paper,00000272-PHOTO-2025-12-03-17-58-06.jpg,1e9ca7d681aef3d40713fd605573dd00
Paper,00000273-PHOTO-2025-12-03-17-58-06.jpg,0166bf4b1d01d1c6e7b2e5be4b0038eb
Paper,00000274-PHOTO-2025-12-03-17-58-37.jpg,391506f947b01fa971699bbb7e2936f2
Paper,00000275-PHOTO-2025-12-03-17-58-42.jpg,06127b8ce17f81f1f62c63d2d2408e96
Paper,00000276-PHOTO-2025-12-03-17-58-53.jpg,c3ba78c85113bb410019ccf5bce57cff
Paper,00000277-PHOTO-2025-12-03-17-59-08.jpg,459651130898ca5e50d6001744444065
Paper,00000278-PHOTO-2025-12-03-17-59-27.jpg,0f4ffdecd23da48145fc286a4a7b6156
Paper,00000279-PHOTO-2025-12-03-17-59-43.jpg,e52c04b3a0b318ea39de7356502deef2
Paper,00000280-PHOTO-2025-12-03-18-00-10.jpg,c36adb043c74e56ee7e3ea4758552b0f
Paper,00000281-PHOTO-2025-12-04-12-15-50.jpg,55d37e75268df1351acd9ecc2cb1cdc3
Paper,00000282-PHOTO-2025-12-04-12-15-58.jpg,4ebac8e25375ab636fd2829627df8fe7
Paper,00000283-PHOTO-2025-12-04-12-16-14.jpg,31498b356e88666c0cdcbfd718e8389c
Paper,00000284-PHOTO-2025-12-04-12-16-29.jpg,eaabbb0998401ec9ef7152a4c5aa9b78
Paper,00000285-PHOTO-2025-12-04-12-16-39.jpg,ced13dcf745f05592855c399ca130b5c
Paper,00000286-PHOTO-2025-12-04-12-16-50.jpg,a4fba9cc7cce86380c50211872f53705
Paper,00000287-PHOTO-2025-12-04-12-43-13.jpg,f9f4d6fb2b9bdd80aa003cf4be16d04f
Paper,00000288-PHOTO-2025-12-04-12-43-22.jpg,4d6490b2ea014d8455735f435e44162c
Paper,00000289-PHOTO-2025-12-04-12-43-29.jpg,c2051b8216f096bb9c1e9d73c91c2d20
Paper,00000290-PHOTO-2025-12-04-12-43-42.jpg,e6b4e5473316793d3a93926f61b4c36b
Paper,00000291-PHOTO-2025-12-04-12-43-56.jpg,dc64d491cd9517e68e03037a076b6fd7
Paper,00000292-PHOTO-2025-12-04-12-44-06.jpg,314caae3655f30e9a702d6eb41cbba21
Paper,00000293-PHOTO-2025-12-04-12-44-37.jpg,c81d4d43ea6869fd52482f44cf4684d6
Paper,00000294-PHOTO-2025-12-04-12-45-44.jpg,a26b70aba7bebfdc63939441906c2ed3
Paper,00000295-PHOTO-2025-12-04-12-45-55.jpg,43be99f5446324cb8307c357298217c7
Paper,00000296-PHOTO-2025-12-04-12-46-04.jpg,1cacd488dffe940c09fbbf90bfa028b1
Paper,00000297-PHOTO-2025-12-04-12-46-21.jpg,8ce8ef6c290255ab6abe50dfa047a827
Paper,00000298-PHOTO-2025-12-04-12-46-29.jpg,7fe719fcf737bae9d5d0d4cd1609bf9b
Paper,00000299-PHOTO-2025-12-04-12-46-42.jpg,a486044128103f5fda5b6aa8bd348164
Paper,00000300-PHOTO-2025-12-04-12-47-00.jpg,68ec2dd310c5fc9bad3ea8ae82800964
Paper,00000301-PHOTO-2025-12-05-16-05-26.jpg,59cc7517a618c7e59f6718ef16b66f46
Paper,00000302-PHOTO-2025-12-05-16-05-38.jpg,1190170f59b5c0b6fb37e3042c0366a0
Paper,00000303-PHOTO-2025-12-05-17-59-29.jpg,3552680bff678a290f156f21abd1e223
Paper,00000304-PHOTO-2025-12-05-17-59-35.jpg,ca4e9cb71b0781b28e9a2edc1f457ff5
Paper,00000305-PHOTO-2025-12-05-17-59-42.jpg,248f8b260f0bd35090d7cb8e711e1652
Paper,00000306-PHOTO-2025-12-05-17-59-52.jpg,508f86192820eafc25152419079ed2b3
Paper,00000307-PHOTO-2025-12-05-18-00-08.jpg,adb1d12b0120355a6702b5edb6edbadf
Paper,00000308-PHOTO-2025-12-05-18-00-54.jpg,21a3c48cfc706a52f294e93d3cfe0ac2
Paper,00000309-PHOTO-2025-12-05-18-01-01.jpg,b3ab06a764beebf438ae2d5a19d07cfe
Paper,00000310-PHOTO-2025-12-05-18-01-06.jpg,468ce456c2a3befa936aa7496301c47f
Paper,00000311-PHOTO-2025-12-05-18-01-14.jpg,a7d414fcd1d947199f16002da9eea840
Paper,00000312-PHOTO-2025-12-05-18-02-09.jpg,7390856390eff14befc236c6be215c64
Paper,00000313-PHOTO-2025-12-05-18-02-23.jpg,415bfe0254f4a1a2b9c8d510a2ed9a16
Paper,00000314-PHOTO-2025-12-05-18-02-34.jpg,854eb584b1320c427453ce4516c19bc6
Paper,00000315-PHOTO-2025-12-05-18-02-50.jpg,e02144834f634edffe05e0f40a8909fa
Paper,00000316-PHOTO-2025-12-05-18-03-03.jpg,55af10088e47f1cd72d1d67e849508f0
Paper,00000317-PHOTO-2025-12-05-18-10-52.jpg,198d6f351cd4163cc80aa6eac7e89aa8
Paper,00000318-PHOTO-2025-12-05-18-11-14.jpg,e5d26e6cfb926abbb78a1513f7919383
Paper,00000319-PHOTO-2025-12-05-18-11-27.jpg,8a9af9ba5ee5370320762bf39d979aff
Paper,00000320-PHOTO-2025-12-05-18-11-42.jpg,8a882ff759dec99c09e89020bf03b0df
Paper,00000321-PHOTO-2025-12-05-18-11-46.jpg,c27e6cace2050269ad4dbda6c924f2dc
Paper,00000322-PHOTO-2025-12-06-12-36-52.jpg,b79915d2ca0f716339438bd9c0bbfb54
Paper,00000323-PHOTO-2025-12-06-12-37-14.jpg,adcc02c44197d72e07d6feebe047f5a1
Paper,00000324-PHOTO-2025-12-09-11-11-57.jpg,69b56c055ba595828c8708733278d446
Paper,00000325-PHOTO-2025-12-09-15-20-59.jpg,5f84428964a5ff833956a3d9978a6f40
Paper,00000326-PHOTO-2025-12-10-12-46-06.jpg,0eeb04c298898668d3fb029a07d95ec2
Paper,00000327-PHOTO-2025-12-10-12-47-58.jpg,56cb3ca8c27a2d2f48676f63f9a41072
Paper,00000328-PHOTO-2025-12-10-12-48-07.jpg,94e163a11a6051968b71941cebb71c3c
Paper,00000329-PHOTO-2025-12-10-12-48-13.jpg,4fa5861d54ed0521f2bdccc632c2ee0b
Paper,00000330-PHOTO-2025-12-10-12-48-27.jpg,bda82653cccc98b5b2a305e5adc6e600
Paper,00000331-PHOTO-2025-12-10-12-48-32.jpg,75818aa24a139acf419f7135b4241dfc
Paper,00000332-PHOTO-2025-12-10-12-48-43.jpg,1fa740ffb7d8551185f5e0313de4aec8
Paper,00000333-PHOTO-2025-12-10-12-48-53.jpg,fa0cb1bf2ac4718bef839fc01c7e2174
Paper,00000334-PHOTO-2025-12-10-12-49-03.jpg,e74e4fceadc7e7dd071020e63e72386e
Paper,00000335-PHOTO-2025-12-10-12-49-15.jpg,60afa24c618fc560060874a497e9eae0
Paper,00000337-PHOTO-2025-12-10-12-56-10.jpg,273cfe7d3d67945b3d298c810387803a
Paper,00000338-PHOTO-2025-12-10-12-56-16.jpg,5e1672e8894fa1671647a59c3e2e6d9c
Paper,00000339-PHOTO-2025-12-10-12-59-50.jpg,c100a89c57bda936981d4a4a6668eb27
Paper,00000340-PHOTO-2025-12-10-12-59-50.jpg,49a1ba1bd31e1f8a12f4bfbe20a2d564
Paper,00000341-PHOTO-2025-12-10-12-59-50.jpg,c7c7ae06ef795511ffbb68b0f987fbd6
Paper,00000342-PHOTO-2025-12-10-12-59-50.jpg,45ca681f86aa244678d28599ad29e99b
Paper,00000343-PHOTO-2025-12-10-12-59-50.jpg,1499bf9384dce374706c19d37e2d4118
Paper,00000344-PHOTO-2025-12-10-13-00-27.jpg,eb7058f9f2b5f2728ad8adf45d238366
Paper,00000345-PHOTO-2025-12-10-13-02-42.jpg,ed26377fa9efb9cb2ddd62820c1ffaba
Paper,00000346-PHOTO-2025-12-10-13-02-42.jpg,2b6da152c4bb2ffe4863195e0e7638ea
Paper,00000347-PHOTO-2025-12-10-13-02-42.jpg,41780a4a2b72d3d8ce615927fe60b8fb
Paper,00000348-PHOTO-2025-12-10-13-04-35.jpg,fad2a0974f600e696a26ede493358b54
Paper,00000349-PHOTO-2025-12-10-13-04-46.jpg,8fe2f7ed44270f1a47c25ab944e8e45c
Paper,00000350-PHOTO-2025-12-10-13-04-46.jpg,d90a267aa7ee93859012c4ec3830dae0
Paper,00000351-PHOTO-2025-12-10-13-04-50.jpg,f7e0c06c56b6c9e68d63ebc8f056a82c
Paper,00000352-PHOTO-2025-12-10-13-05-43.jpg,39b4ebb237de1360dddd2f3cf307abcf
Paper,00000353-PHOTO-2025-12-10-13-05-46.jpg,1fb62de194c646b69e355bc5d37b423b
Paper,00000354-PHOTO-2025-12-10-13-06-00.jpg,238e80e257f7342259be65481b76c0ad
Plastic,00000004-PHOTO-2025-10-28-12-25-27.jpg,42aff7b0b6e03ab2e615fad7e936e782
Plastic,00000006-PHOTO-2025-10-28-12-25-58.jpg,358551292b67208db0c70f97a13ff16a
Plastic,00000007-PHOTO-2025-10-28-12-25-58.jpg,17452f51c5600d47ab4b22ff540bd9d2
Plastic,00000008-PHOTO-2025-10-28-12-25-58.jpg,7050eedd07c0aeeb045ddc7d390a33d3
Plastic,00000009-PHOTO-2025-10-28-12-26-05.jpg,2f4f24e386f0c82f9a2c94508e7e699c
Plastic,00000010-PHOTO-2025-10-28-12-26-05.jpg,cf2dbb2eb45fbd859ab6c133497a36a2
Plastic,00000011-PHOTO-2025-10-28-12-26-05.jpg,ce2959da7a5ff1e84bf4fd390f33b6ab
Plastic,00000012-PHOTO-2025-10-28-12-27-44.jpg,208687214d9f308147901696fdc0dfe7
Plastic,00000013-PHOTO-2025-10-28-12-27-47.jpg,3b0e1773f841975f2e9e2f49024ce1e9
Plastic,00000014-PHOTO-2025-10-28-12-28-24.jpg,3b6b80d080971fb849d6eaeff8c7b154
Plastic,00000015-PHOTO-2025-10-28-12-28-27.jpg,be44c274cd0a793c41250839aaa95874
Plastic,00000016-PHOTO-2025-10-28-12-28-49.jpg,cabd8f7f9a67f6b6869e90bd5bc71057
Plastic,00000017-PHOTO-2025-10-28-12-28-50.jpg,3060403f0fd8c9896122ad4d4a99e3cb
Plastic,00000018-PHOTO-2025-10-28-12-30-34.jpg,8583d496df50aa04e6dd31f2c2349cc5
Plastic,00000019-PHOTO-2025-10-28-12-30-37.jpg,36d00ff7c984b58f29fcc84cc76bceac
Plastic,00000020-PHOTO-2025-10-28-14-56-09.jpg,83273ce275addc53b106a568a6e37860
Plastic,00000021-PHOTO-2025-10-29-12-18-13.jpg,7edeab8521e4a6761699b39e8accfcf2
Plastic,00000022-PHOTO-2025-10-29-12-19-30.jpg,685daaeb1afabc0bc407a1c4fe5fdc21
Plastic,00000023-PHOTO-2025-10-29-12-20-28.jpg,3aef0b4aedcca77f3ab1385f58699242
Plastic,00000025-PHOTO-2025-10-29-12-21-41.jpg,db84509a70865d3b7678943d66704780
Plastic,00000026-PHOTO-2025-10-29-12-21-41.jpg,366cfb7074543991d2b916a52b2082c6
Plastic,00000027-PHOTO-2025-10-30-12-08-33.jpg,6c874dff282a927916d649175809efdc
Plastic,00000028-PHOTO-2025-10-30-12-08-42.jpg,f01033a31012145ee8968e7d75513c4b
Plastic,00000029-PHOTO-2025-10-30-12-12-14.jpg,377be37f8b870e3dac2a29299fb0d27e
Plastic,00000031-PHOTO-2025-10-30-12-13-36.jpg,090f1b17cbbee2019904c5c9540b568f
Plastic,00000033-PHOTO-2025-10-30-13-01-19.jpg,e33fdbca3da4a3e88a4adbc6370649d1
Plastic,00000034-PHOTO-2025-10-30-13-01-19.jpg,d188a8adb0b616fb921e28f71dca62fd
Plastic,00000035-PHOTO-2025-10-30-14-49-40.jpg,850bdf647e5506f20767dab5f83d20d0
Plastic,00000036-PHOTO-2025-10-30-14-49-42.jpg,f41754cd1fe3a943bc086274c41bda46
Plastic,00000038-PHOTO-2025-10-30-18-44-03.jpg,ee11f53c80455d326056ca206a279202
Plastic,00000039-PHOTO-2025-10-30-18-44-09.jpg,c9ba01d5ffe8c09401f55f859c9ac495
Plastic,00000040-PHOTO-2025-10-30-18-44-20.jpg,97f8c6cfae9068a74854453e92740f7b
Plastic,00000041-PHOTO-2025-10-30-18-44-21.jpg,7a91aabd5bfce0e7ebe581edc28dc41b
Plastic,00000044-PHOTO-2025-10-30-20-20-20.jpg,74cc669cf184aee9a15cc296030086de
Plastic,00000045-PHOTO-2025-10-30-20-20-21.jpg,e8ed04ce2155f77da4e839738db29361
Plastic,00000046-PHOTO-2025-10-30-20-20-21.jpg,410af24fc9024d86a31c43b4fddca0aa
Plastic,00000047-PHOTO-2025-10-30-20-20-21.jpg,973fdeea32cbceb9948790fd078a431f
Plastic,00000048-PHOTO-2025-10-30-20-20-22.jpg,a31f5c8ff6d8b35d8c2811b7556661c1
Plastic,00000049-PHOTO-2025-10-30-20-20-22.jpg,b8ee2146941a143e1ec2966417bdfef1
Plastic,00000050-PHOTO-2025-10-30-21-50-11.jpg,d78603549043b41de6ede7e88470826d
Plastic,00000051-PHOTO-2025-10-30-21-50-15.jpg,5c1a8ad95863b84cde3503f71517a8af
Plastic,00000052-PHOTO-2025-10-30-21-51-05.jpg,0794f8694bed30586104cd5b805f36c0
Plastic,00000054-PHOTO-2025-10-31-22-40-46.jpg,0c19574b26e765fa64a66b6d4dd03928
Plastic,00000055-PHOTO-2025-10-31-22-41-00.jpg,f0664eb66b8d88c11c2664da918526b0
Plastic,00000056-PHOTO-2025-11-01-10-13-35.jpg,01929c7faa7075d27769d6f018eb4ec0
Plastic,00000057-PHOTO-2025-11-01-10-13-45.jpg,045af45cd5b58c9313d72797140f668e
Plastic,00000059-PHOTO-2025-11-03-03-13-08.jpg,f38938166c6aeb02a933eda025e5b999
Plastic,00000060-PHOTO-2025-11-03-03-13-08.jpg,c9c94d07a1625301cb0b9881a2dfe91f
Plastic,00000061-PHOTO-2025-11-03-03-13-08.jpg,b3012ae1cb50c953b7e25f5631e5c401
Plastic,00000063-PHOTO-2025-11-04-14-02-47.jpg,233f1a20e4bbd0c9594e876c251e2adc
Plastic,00000064-PHOTO-2025-11-04-14-02-48.jpg,8aed667db82834e1d3e82c2277b2a58a
Plastic,00000066-PHOTO-2025-11-04-15-39-09.jpg,42bd24ec05d598302d8450d7c167a9a0
Plastic,00000067-PHOTO-2025-11-04-15-39-09.jpg,d1b4faf552b4f26d59f7fdb2659e6376
Plastic,00000069-PHOTO-2025-11-05-12-28-03.jpg,579d612cff891f6138036dcd6b43c365
Plastic,00000070-PHOTO-2025-11-05-12-28-03.jpg,90177908203b716e5898c64931c8de65
Plastic,00000071-PHOTO-2025-11-05-12-28-27.jpg,bf133f2dd64b8ba6561db52a176e2333
Plastic,00000072-PHOTO-2025-11-05-22-52-54.jpg,de3989d2858d34b4af104078d44ca41e
Plastic,00000073-PHOTO-2025-11-05-22-53-09.jpg,fafa1987f6fd200c5446e093ba61b61a
Plastic,00000075-PHOTO-2025-11-06-12-14-05.jpg,12646e6a9d9302cad9bc5fae9c65c5e6
Plastic,00000076-PHOTO-2025-11-06-12-14-05.jpg,06975323d00158773304e951e6a4870b
Plastic,00000077-PHOTO-2025-11-06-12-14-05.jpg,94cc8bdd7a01a5403b3d031037d5207f
Plastic,00000078-PHOTO-2025-11-06-12-14-05.jpg,5eea4ac473b1bd21f7ef3e497c4f6f08
Plastic,00000079-PHOTO-2025-11-06-12-14-06.jpg,9cc29569e65635e782efd0ad47d17a39
Plastic,00000080-PHOTO-2025-11-06-12-14-06.jpg,053ac061dfcbf2cf4afa5db4c81c140e
Plastic,00000081-PHOTO-2025-11-06-12-14-06.jpg,fede9b7fd9c9e992004be4835429dde8
Plastic,00000082-PHOTO-2025-11-06-12-14-06.jpg,14317fba94124614197d97632ac2c685
Plastic,00000083-PHOTO-2025-11-06-12-14-07.jpg,274de0d7fc518acd1156f5779f9fab42
Plastic,00000084-PHOTO-2025-11-06-12-14-07.jpg,b54e479107b273aa7562aba6fc804e80
Plastic,00000085-PHOTO-2025-11-06-12-14-07.jpg,71960697f3eae9a21ecc5c1b445ffe22
Plastic,00000086-PHOTO-2025-11-06-14-19-06.jpg,d6cc62ab18f1a2eb0900d7027f652c49
Plastic,00000087-PHOTO-2025-11-06-14-19-19.jpg,28529668391982888ae2b05490d9ab9c
Plastic,00000089-PHOTO-2025-11-06-15-17-11.jpg,31c17129783f923b756e0efa83b322a6
Plastic,00000090-PHOTO-2025-11-06-15-17-11.jpg,16066cc3aa1011fd060fc7235bd9d72f
Plastic,00000091-PHOTO-2025-11-06-15-29-35.jpg,1ad892980d743630587b25af7f5bc074
Plastic,00000092-PHOTO-2025-11-06-22-52-56.jpg,761a6d1f3e742559a89708ea2f8d47d6
Plastic,00000093-PHOTO-2025-11-06-22-52-57.jpg,ed22c49a4ed02655155bd868da56dd3c
Plastic,00000094-PHOTO-2025-11-08-17-08-39.jpg,594087f05ef86676721bdb7dc68fe496
Plastic,00000095-PHOTO-2025-11-08-17-08-39.jpg,32fb8a966abd4899daff3059ed66b48a
Plastic,00000096-PHOTO-2025-11-08-17-08-40.jpg,5a0ba783d4aa0895517cd0499a9f05f0
Plastic,00000097-PHOTO-2025-11-08-17-08-40.jpg,c01c59a029cab960865ee7e0c346a8ba
Plastic,00000099-PHOTO-2025-11-09-19-34-25.jpg,a9735041cc0d28dbff2998d2e4fb7ea6
Plastic,00000100-PHOTO-2025-11-09-19-34-25.jpg,63df75e69f971affa27187da7d9f4dda
Plastic,00000101-PHOTO-2025-11-09-19-34-26.jpg,aaa224cb4ef13a89f77339acaf3eaf29
Plastic,00000102-PHOTO-2025-11-09-19-34-26.jpg,56148ee7fa858395de8367025ed07f16
Plastic,00000103-PHOTO-2025-11-09-19-34-27.jpg,d8f1ea1bf396eb76a07a8f7ac7a67165
Plastic,00000104-PHOTO-2025-11-09-19-34-28.jpg,b4ccd2d8521cc7a6601821dd57c3bddf
Plastic,00000105-PHOTO-2025-11-09-19-34-29.jpg,a31414ae1684a6336c8bd5c6ffbde7b3
Plastic,00000106-PHOTO-2025-11-09-19-34-30.jpg,632e695062eb6de62efab3c8a280ba0d
Plastic,00000107-PHOTO-2025-11-10-16-24-27.jpg,8fd4c6167c5d6de154858813e51d57cd
Plastic,00000108-PHOTO-2025-11-10-16-24-28.jpg,9e5cfca93b41a50e6df7fe06e2ad43d3
Plastic,00000109-PHOTO-2025-11-10-16-24-28.jpg,ed1ba0794e1d5671927e1df86d80f569
Plastic,00000110-PHOTO-2025-11-10-16-24-29.jpg,e031525dbb186b240dbda862ee852211
Plastic,00000111-PHOTO-2025-11-10-18-08-03.jpg,81838a6bc29c2c401a46285415b10dd9
Plastic,00000112-PHOTO-2025-11-10-18-08-20.jpg,33ca2137095956bb7e0e7a3c8ad955be
Plastic,00000114-PHOTO-2025-11-11-16-31-02.jpg,20323bacbd1673899afa07a091097a4b
Plastic,00000115-PHOTO-2025-11-11-16-31-02.jpg,660bb96675518edbdae46dc9a9b9a9bd
Plastic,00000116-PHOTO-2025-11-11-16-31-02.jpg,689be3b417d430cb9c47fd04fc39cd8a
Plastic,00000117-PHOTO-2025-11-11-16-31-02.jpg,731b56d5555cd66d7e6f22aa0c56ccdc
Plastic,00000119-PHOTO-2025-11-12-11-27-08.jpg,b8dd27d40ebe34d00e7ca52862ef839b
Plastic,00000120-PHOTO-2025-11-12-11-27-08.jpg,a9a36593b0c2d9046819b4908a7a526a
Plastic,00000121-PHOTO-2025-11-12-11-27-08.jpg,b0e9582df6eab4fb4211ce08615708b7
Plastic,00000123-PHOTO-2025-11-13-20-25-14.jpg,7f95f4b744decde806c877e1a1621f35
Plastic,00000124-PHOTO-2025-11-13-20-25-14.jpg,6687c13aab08e8021b01e8571b582b3f
Plastic,00000125-PHOTO-2025-11-13-20-25-15.jpg,63a06d299d2793f3c1c5acf80f0482f5
Plastic,00000126-PHOTO-2025-11-13-20-25-15.jpg,64ece78401dac7c6823094cf65b0db87
Plastic,00000127-PHOTO-2025-11-13-20-25-15.jpg,3eaecf825867fd92fd8d0883b6f6837f
Plastic,00000128-PHOTO-2025-11-13-20-25-15.jpg,1e123a35bbf2f35940c7da634a9241a5
Plastic,00000130-PHOTO-2025-11-17-17-27-20.jpg,9fa76c664142039704f19573dd2933d2
Plastic,00000131-PHOTO-2025-11-17-17-27-20.jpg,db2ad7fd9698b9de8508c704637af28c
Plastic,00000132-PHOTO-2025-11-17-17-27-21.jpg,467c2f5d666106e62a54f28eb6c5996f
Plastic,00000133-PHOTO-2025-11-17-17-27-22.jpg,077b0f0b9520328ba6a5a2eb1dc7532a
Plastic,00000134-PHOTO-2025-11-17-17-27-23.jpg,a1cd4055a28da43e74d48bd72cfcf646
Plastic,00000135-PHOTO-2025-11-17-17-27-23.jpg,dde13e71c0831f39409315e2ae1345f5
Plastic,00000136-PHOTO-2025-11-17-17-27-24.jpg,a77c1359ce719084dff75b520950a642
Plastic,00000137-PHOTO-2025-11-17-17-27-24.jpg,2af3b86afdd4921cb3d938574ac929c8
Plastic,00000138-PHOTO-2025-11-17-17-27-24.jpg,92467636d64a63e17e6be7c02f4fd734
Plastic,00000139-PHOTO-2025-11-17-17-27-25.jpg,2ec2b32a54c8b98b5fb1287dcc96c109
Plastic,00000140-PHOTO-2025-11-17-17-27-25.jpg,4054515b142f468a48392440518fd036
Plastic,00000141-PHOTO-2025-11-17-17-27-26.jpg,a054d96df91e39efa5b06dac11d91b33
Plastic,00000142-PHOTO-2025-11-17-17-27-26.jpg,722ec6ee1ea128a4e047060522eab2be
Plastic,00000143-PHOTO-2025-11-17-17-27-27.jpg,6508f15248830e0f9017e72f553dc2cb
Plastic,00000144-PHOTO-2025-11-17-17-27-27.jpg,2cdd5bbcc30f07feff16cb2948a8cf0d
Plastic,00000145-PHOTO-2025-11-17-17-27-28.jpg,d2d3e3574ad34de7d954d5b9ef2dc31a
Plastic,00000146-PHOTO-2025-11-17-17-27-29.jpg,d0b12a5ab848026ec7dd62ebad544309
Plastic,00000147-PHOTO-2025-11-17-17-27-30.jpg,9cb6b819e6fc3fe8a271c6e6c8d05a89
Plastic,00000148-PHOTO-2025-11-17-17-27-31.jpg,820906729766cd3ac2c01b31e4b6a191
Plastic,00000149-PHOTO-2025-11-17-17-27-32.jpg,d6ce81179ed4e006d11b1f226f41f8e5
Plastic,00000150-PHOTO-2025-11-17-17-27-33.jpg,1b6352fe34291a5ffa2f35fc464fd9fc
Plastic,00000151-PHOTO-2025-11-17-17-27-33.jpg,ade6d4b758fbc92eabfa99fb5b90a9e5
Plastic,00000152-PHOTO-2025-11-17-17-27-34.jpg,4eab237a1187579f5ee43358f72b0c79
Plastic,00000153-PHOTO-2025-11-17-17-27-35.jpg,cbbc00e2a42b0c324a4dd3b4dc76c2a9
Plastic,00000155-PHOTO-2025-11-19-10-46-17.jpg,ff5fb67ec60c412f17aa576351d59527
Plastic,00000156-PHOTO-2025-11-19-10-46-18.jpg,2c68b9dd2c7ca64b5c6b5cc82c410857
Plastic,00000157-PHOTO-2025-11-19-10-46-18.jpg,776b09f09319bb2cb6c5fdf1d1f8341f
Plastic,00000158-PHOTO-2025-11-19-10-46-18.jpg,561afec531ab7d3aaf06b25b4150c5b5
Plastic,00000159-PHOTO-2025-11-19-10-46-18.jpg,c07d21cacdf9aed5b333c43b414cb72c
Plastic,00000160-PHOTO-2025-11-19-10-46-19.jpg,6b80284b09864d24bc307e789ce1c2c3
Plastic,00000161-PHOTO-2025-11-19-10-46-19.jpg,12b7409163d16eb7ee844ac064e5ca3e
Plastic,00000162-PHOTO-2025-11-19-10-46-19.jpg,6908c1f224fba07b57c0c3839afca7df
Plastic,00000163-PHOTO-2025-11-19-10-46-20.jpg,4ca4ecfd19d930b0196fb38cf90a5477
Plastic,00000164-PHOTO-2025-11-19-10-46-20.jpg,32092ad88d01f48345fac2d6a7b186de
Plastic,00000165-PHOTO-2025-11-19-10-46-20.jpg,f8058237a684808695d6c405b8ff9a16
Plastic,00000166-PHOTO-2025-11-19-10-46-20.jpg,c5ebd42c0c5ff52bd6b0be44b0388c52
Plastic,00000167-PHOTO-2025-11-19-10-46-21.jpg,0bb7439f006fdb5b0b61dfd1bfaed4d1
Plastic,00000168-PHOTO-2025-11-26-12-44-42.jpg,c3fffc1ff3bd940400b850513c339bfe
Plastic,00000169-PHOTO-2025-11-26-12-44-49.jpg,fc260ea6c5e550ac5b71301f7932e38c
Plastic,00000170-PHOTO-2025-11-26-12-45-26.jpg,e9eac0d8e7dffb0eac3915c3d6b3c48d
Plastic,00000171-PHOTO-2025-11-26-12-45-43.jpg,91d91ebe6a5b10bcb39f7e6a7c98e22e
Plastic,00000172-PHOTO-2025-11-26-12-45-50.jpg,d3565b0aad5530ab62871084da8c68e8
Plastic,00000173-PHOTO-2025-11-26-12-45-58.jpg,ec39459b118aa7c8ce71e3fc93095ef0
Plastic,00000174-PHOTO-2025-11-27-05-14-16.jpg,422e6fd00fcd2e6448af3df043887144
Plastic,00000175-PHOTO-2025-11-27-05-14-23.jpg,66c9427ada2dcdcbe5942cd1661e14ff
Plastic,00000176-PHOTO-2025-11-27-06-16-21.jpg,5aae6a8544239dab24082965b5d552ae
Plastic,00000177-PHOTO-2025-11-27-06-55-24.jpg,bd4f25f808c327f80120e4e7d426d2fe
Plastic,00000178-PHOTO-2025-11-27-16-38-48.jpg,2d5ae16b487f627d997a1e4b54a9a9ca
Plastic,00000180-PHOTO-2025-11-27-23-53-34.jpg,577aabef5496d839693787ecf91fdb7b
Plastic,00000181-PHOTO-2025-11-27-23-53-34.jpg,cb48394dabcce19c88f1cd5e3d3d8e4e
Plastic,00000182-PHOTO-2025-11-27-23-53-34.jpg,55eed104f7f7360ae7e9d9d07b40cec4
Plastic,00000183-PHOTO-2025-11-27-23-53-35.jpg,d7de09fd8b8c727e57429c25538122c3
Plastic,00000184-PHOTO-2025-11-27-23-53-35.jpg,df45ead44f6a13f389cc3622b1e2f66b
Plastic,00000185-PHOTO-2025-11-27-23-53-35.jpg,77db8357ad0174cdb7b9a5dbf77af978
Plastic,00000186-PHOTO-2025-11-27-23-53-35.jpg,163bde8e9ab914e3f140556e1c249713
Plastic,00000187-PHOTO-2025-11-27-23-53-36.jpg,687833be8504dd2f714fe5ad182c0746
Plastic,00000188-PHOTO-2025-11-27-23-53-36.jpg,740d69ae771c341bec931212ddc4ba91
Plastic,00000189-PHOTO-2025-11-27-23-53-36.jpg,029db833e422576671bb3d5de7fba8be
Plastic,00000190-PHOTO-2025-11-27-23-53-36.jpg,2963da259422da30b2ddff7a29fe5a6d
Plastic,00000191-PHOTO-2025-11-27-23-53-36.jpg,a9bd0683b6db5fdbde4cc9f9aa63a50e
Plastic,00000192-PHOTO-2025-11-27-23-53-37.jpg,3c141e7f9372fd88bffe76ee35360358
Plastic,00000193-PHOTO-2025-11-30-00-46-49.jpg,aeb8349f94207927aad6e5e734cdb0b8
Plastic,00000194-PHOTO-2025-11-30-00-46-49.jpg,2e3ba4dae5e5f6b689a5f7775608c556
Plastic,00000195-PHOTO-2025-11-30-23-41-30.jpg,2baec0daa647b7c364db9e65e5697df6
Plastic,00000196-PHOTO-2025-11-30-23-41-44.jpg,8950d92484aed67db9156c6133c74648
Plastic,00000197-PHOTO-2025-11-30-23-42-31.jpg,1b2fbab38e7a58969c999715fd2b8cb0
Plastic,00000198-PHOTO-2025-11-30-23-43-44.jpg,b62f411b5054eea6eafe306671ae4fae
Plastic,00000199-PHOTO-2025-12-01-12-42-44.jpg,338ce55702d77d326cb6e5afeb195945
Plastic,00000200-PHOTO-2025-12-01-12-43-01.jpg,4a9d618ad26295d1de24d5016a71aec5
Plastic,00000201-PHOTO-2025-12-01-13-27-45.jpg,83990b79ec47dc8f7e94e10f9093bfcb
Plastic,00000202-PHOTO-2025-12-02-21-55-42.jpg,5e186eff88072560e225d6e112d883de
Plastic,00000203-PHOTO-2025-12-02-21-55-42.jpg,2401277da67f1d1814f63d16c50ba1e7
Plastic,00000204-PHOTO-2025-12-02-21-55-51.jpg,408d7ca26784f3abbccf2a1822c81eed
Plastic,00000205-PHOTO-2025-12-02-21-55-51.jpg,3f1b550ac18a991fe8f0808fd99cce11
Plastic,00000206-PHOTO-2025-12-02-21-55-51.jpg,2f4085fc81890fbf7a4220c8b8cc383f
Plastic,00000207-PHOTO-2025-12-02-21-55-52.jpg,2a464ef66d7c2f86164f215ab2605c07
Plastic,00000208-PHOTO-2025-12-02-21-55-52.jpg,89985406fa73464ad36faba181de787c
Plastic,00000209-PHOTO-2025-12-02-21-55-52.jpg,7f6f436ccacc1258081dabc011405d16
Plastic,00000210-PHOTO-2025-12-02-21-55-52.jpg,4ee0bcc77c1bbf0acec50d9908e9b052
Plastic,00000211-PHOTO-2025-12-02-21-55-53.jpg,691fb6c651e6759e16045a30b45d6196
Plastic,00000212-PHOTO-2025-12-02-21-55-53.jpg,7d962659d1f069eb403730cb6a6822e5
Plastic,00000213-PHOTO-2025-12-02-21-55-53.jpg,a4004d1eac8a2e24139e67ec0772c9ca
Plastic,00000214-PHOTO-2025-12-02-21-55-54.jpg,9eb2c066b432a5e9394f853c35e85ff2
Plastic,00000215-PHOTO-2025-12-02-21-55-54.jpg,162aae2cf22b60120720fced462025ef
Plastic,00000217-PHOTO-2025-12-02-21-56-00.jpg,bec7d06eede5a052e95e002bbc7213b3
Plastic,00000218-PHOTO-2025-12-02-21-56-00.jpg,797b1598aca9697a3e140bfac641257b
Plastic,00000220-PHOTO-2025-12-02-14-47-10.jpg,86380cf34c1b266282096f5f577dc17e
Plastic,00000221-PHOTO-2025-12-02-14-47-10.jpg,0f60261113d8eb6cc0a66fab3454da7f
Plastic,00000222-PHOTO-2025-12-02-14-47-10.jpg,59c3b2ef1560a8930bfa02911cfc09d0
Plastic,00000223-PHOTO-2025-12-02-21-56-01.jpg,8c8c29271ad8a3e05ea2976b2d11c477
Plastic,00000224-PHOTO-2025-12-02-21-56-32.jpg,2bac36df70093a81a915bfa61022e242
Plastic,00000225-PHOTO-2025-12-02-15-03-14.jpg,235828b762d72558600313b2b74bf8b5
Plastic,00000226-PHOTO-2025-12-02-21-56-34.jpg,e45f3381ce44543d4a84fd394578f0e8
Plastic,00000227-PHOTO-2025-12-02-21-56-34.jpg,e8557a8ba4ed24e75175134e6ca5313f
Plastic,00000229-PHOTO-2025-12-02-15-44-12.jpg,54a277603a6327325400aae00a73407e
Plastic,00000230-PHOTO-2025-12-02-15-44-12.jpg,af69ab4ab895a90dcd07ec381bda9e76
Plastic,00000232-PHOTO-2025-12-02-15-53-58.jpg,e5b8460c69497c2541148b3fc9e76156
Plastic,00000233-PHOTO-2025-12-02-15-53-59.jpg,9f0679ea89d941d8b45aafca3c2d75b1
Plastic,00000234-PHOTO-2025-12-02-15-53-59.jpg,cd2ad92986231efd934e91fdf53f3fc7
Plastic,00000235-PHOTO-2025-12-02-15-54-00.jpg,722a7e960348ffbd493b96d2a94a98d8
Plastic,00000236-PHOTO-2025-12-02-15-54-00.jpg,b0c143eecd3a177b3ea81c16dfaffc0d
Plastic,00000237-PHOTO-2025-12-02-15-54-00.jpg,c53fa82c440428ee318c3fe23eeac2a5
Plastic,00000238-PHOTO-2025-12-02-15-54-01.jpg,35feb052bb8ac002b5bedebbdd48f923
Plastic,00000239-PHOTO-2025-12-02-15-54-01.jpg,0c1def504a552e76d991d5810119873b
Plastic,00000240-PHOTO-2025-12-02-15-54-01.jpg,ece06370344546c356df3c4d02a084ec
Plastic,00000241-PHOTO-2025-12-02-15-54-01.jpg,6d8adf53b0c6d8b233332d484b2afd2d
Plastic,00000242-PHOTO-2025-12-02-15-54-02.jpg,3aa065a3ac1a62e8f422d049c1234f13
Plastic,00000244-PHOTO-2025-12-02-16-16-52.jpg,378abdfb6111ae2d34ae0567e215f794
Plastic,00000245-PHOTO-2025-12-02-16-16-52.jpg,0d2002f1cd50fe2db035bb1d1f36337f
Plastic,00000246-PHOTO-2025-12-02-16-16-53.jpg,8cc970986eb4f9cc20859bf131e90d64
Plastic,00000247-PHOTO-2025-12-02-21-56-37.jpg,e518af97694e24b4a32ebce0bd2a52dc
Plastic,00000248-PHOTO-2025-12-02-21-56-48.jpg,c939185a166d4940656eb74e610bc3be
Plastic,00000249-PHOTO-2025-12-02-21-56-48.jpg,bca4174f8978f398cc17eda43f7ad023
Plastic,00000250-PHOTO-2025-12-02-21-56-49.jpg,3d00af4ffa2a9425a09a1eb46c24fb7b
Plastic,00000251-PHOTO-2025-12-02-21-56-49.jpg,e635420af8eec58b66dd7f3a7a58506c
Plastic,00000252-PHOTO-2025-12-02-21-57-29.jpg,540b9a28e9cb75faf8f516aa67b9d92e
Plastic,00000253-PHOTO-2025-12-02-21-57-29.jpg,2fc0758b37b21f7384d84fecdc980308
Plastic,00000254-PHOTO-2025-12-02-21-57-29.jpg,a0c430a6aea30d4d3464bfa64c2c1ad7
Plastic,00000255-PHOTO-2025-12-02-21-57-29.jpg,581329a2e97b403b4f1615851681d626
Plastic,00000256-PHOTO-2025-12-02-21-57-30.jpg,f961164ae00ae061bf5aeeb5efc1d92b
Plastic,00000257-PHOTO-2025-12-02-21-57-30.jpg,347b4d72261d746678bed62a790415e1
Plastic,00000258-PHOTO-2025-12-02-21-57-30.jpg,063cc4961be136dc29de7a3fe9e3d8e7
Plastic,00000259-PHOTO-2025-12-02-21-57-31.jpg,1f928b8e8ef294ac325de388dc00b67e
Plastic,00000260-PHOTO-2025-12-02-21-57-31.jpg,b07cd98f5905e6c45c95f898b532651b
Plastic,00000263-PHOTO-2025-12-02-17-23-31.jpg,668d22995905fd326fdceb74b39fd250
Plastic,00000264-PHOTO-2025-12-02-17-23-31.jpg,cd11552fe742e16c31ee3672ccb96bcf
Plastic,00000265-PHOTO-2025-12-02-17-23-31.jpg,7ac610943f95b72364a1d10b316da62e
Plastic,00000266-PHOTO-2025-12-02-17-23-32.jpg,1ec1b5dd76b85dbb68be3d5934e69f32
Plastic,00000267-PHOTO-2025-12-02-17-23-33.jpg,2d1577e731f47837faabbae5501bdb76
Plastic,00000268-PHOTO-2025-12-02-17-23-33.jpg,a0391ea5fd0b9e4b91aa974821e9fb4d
Plastic,00000269-PHOTO-2025-12-02-17-23-34.jpg,baa80c2a126352b0ad02f92c8e42f4dc
Plastic,00000270-PHOTO-2025-12-02-17-23-34.jpg,9309ec16041acd90afa580c7a06b2dc1
Plastic,00000271-PHOTO-2025-12-02-17-23-36.jpg,b159c9d421638118d775e4bfcfd40f81
Plastic,00000272-PHOTO-2025-12-02-17-23-36.jpg,b5295ce8d6461e41237a780af8465e0b
Plastic,00000273-PHOTO-2025-12-02-17-23-36.jpg,36ceb0d341964485868f658aa23f33e6
Plastic,00000274-PHOTO-2025-12-02-17-23-36.jpg,66e6f709c129e0ac1b5aefcf2ec35797
Plastic,00000275-PHOTO-2025-12-02-17-23-37.jpg,ea76798e1908a2698929c464c4aba31a
Plastic,00000276-PHOTO-2025-12-02-17-23-37.jpg,f98dea93d892ec55d02c01c3bd344080
Plastic,00000277-PHOTO-2025-12-02-17-23-37.jpg,0b998d53a585a960ddebadb34fae5203
Plastic,00000278-PHOTO-2025-12-02-17-23-38.jpg,235121db89264bc7c8388cd30cdd21ad
Plastic,00000279-PHOTO-2025-12-02-17-23-38.jpg,42340f0c7c3464425a8e225c6c16bd85
Plastic,00000280-PHOTO-2025-12-02-17-37-18.jpg,afab8e2ad14d446625d80a21cda12941
Plastic,00000281-PHOTO-2025-12-02-17-37-29.jpg,b2a95d592e27d747dd09659268198413
Plastic,00000282-PHOTO-2025-12-02-17-37-32.jpg,78965e975bd67827b0a44e9f27fdf8d2
Plastic,00000283-PHOTO-2025-12-02-21-57-33.jpg,c468cbdce8f292b299d649368bb3aec8
Plastic,00000284-PHOTO-2025-12-02-21-57-33.jpg,a45ab7298a0cfe1f2ab687e223b1c82f
Plastic,00000285-PHOTO-2025-12-02-21-57-34.jpg,f1c4efd21da6dbb5a7b09ee653051e98
Plastic,00000286-PHOTO-2025-12-02-21-57-35.jpg,866bab4d9176db0a02fdf0d359dc9cc0
Plastic,00000287-PHOTO-2025-12-02-21-57-35.jpg,39518bdfc88b6e2130382ef8572134cb
Plastic,00000288-PHOTO-2025-12-02-21-57-35.jpg,b5fd923171b5364e5b05d5c1b1008db9
Plastic,00000289-PHOTO-2025-12-02-21-57-36.jpg,c5fdb85428e775ae609e3ff048105ac8
Plastic,00000290-PHOTO-2025-12-02-21-57-36.jpg,96fed04e4ac58868ff80f0a60b490b2c
Plastic,00000291-PHOTO-2025-12-02-21-57-37.jpg,576beedf44e6fdbc101d0f406794f270
Plastic,00000292-PHOTO-2025-12-02-21-57-37.jpg,90aabb3469ca9a1ac60df23e9e0844a2
Plastic,00000293-PHOTO-2025-12-02-21-57-37.jpg,f9e475a7e536ac0414f45d61c798be63
Plastic,00000294-PHOTO-2025-12-02-21-57-37.jpg,8da5cd0c7fa628c7895ed9a1dcc33992
Plastic,00000295-PHOTO-2025-12-02-21-57-38.jpg,bacf18c95eccc2b7c5826c9e24b6b71a
Plastic,00000297-PHOTO-2025-12-02-18-06-41.jpg,66102e1aef9b12358a42e21a782bcfa9
Plastic,00000298-PHOTO-2025-12-02-18-07-42.jpg,ee0d28457d5b512ae71198ccefe76032
Plastic,00000299-PHOTO-2025-12-02-18-09-54.jpg,fd42359917db01718bcb87460de81191
Plastic,00000300-PHOTO-2025-12-02-18-10-17.jpg,11ea17313e567882e62f88206bc1245c
Plastic,00000301-PHOTO-2025-12-02-18-10-23.jpg,0ae29339bbb7602f72602798490ce6ea
Plastic,00000302-PHOTO-2025-12-02-18-10-27.jpg,bf2f1e95b4f19e102548b3bcfdeb8381
Plastic,00000303-PHOTO-2025-12-02-18-10-33.jpg,6d9bb562597484506819b72f13a0631e
Plastic,00000304-PHOTO-2025-12-02-18-10-39.jpg,c82267e2c7c2006646b4f86070158423
Plastic,00000305-PHOTO-2025-12-02-18-11-01.jpg,021e13af32041bda12c01f87be26ecff
Plastic,00000306-PHOTO-2025-12-02-18-11-05.jpg,744853f16777ff445665b8d895165d83
Plastic,00000307-PHOTO-2025-12-02-18-11-09.jpg,ad9ce5907460236f649b1a9e1b2681cf
Plastic,00000308-PHOTO-2025-12-02-18-11-37.jpg,4e9e4d12111e2fdaad486dbc5b696cce
Plastic,00000309-PHOTO-2025-12-02-18-11-40.jpg,b21b7f3d9366ccdaf4c0e71a578df56c
Plastic,00000310-PHOTO-2025-12-02-18-12-27.jpg,4631e12e1bb471fb4a9a8a2f14e3d58b
Plastic,00000311-PHOTO-2025-12-02-18-12-56.jpg,a0dcd7bcc79e9c6247f7b9dcb1dbe316
Plastic,00000312-PHOTO-2025-12-02-18-13-06.jpg,9726d85c2e5c00597dfa3cbd85584fef
Plastic,00000313-PHOTO-2025-12-02-18-13-20.jpg,1696c4aa58d4756c557bde7c51377d62
Plastic,00000314-PHOTO-2025-12-02-18-13-23.jpg,450457d985b5f9841f2782a89a3a8ea7
Plastic,00000315-PHOTO-2025-12-02-18-13-34.jpg,cab4693e13132858bb50e458fa6e09ea
Plastic,00000316-PHOTO-2025-12-02-18-13-37.jpg,7d3644690ac357a56ccd0a435b3fdfb2
Plastic,00000317-PHOTO-2025-12-02-18-13-49.jpg,4cf7ccffd6bf5e247212fe6bb7c7466a
Plastic,00000318-PHOTO-2025-12-02-18-13-55.jpg,bd33dcf7f5bb7486fce1c7f2a3255d57
Plastic,00000319-PHOTO-2025-12-02-18-14-00.jpg,ce70dc27065b7c03ad57f65682d9e944
Plastic,00000320-PHOTO-2025-12-02-18-14-48.jpg,afdcef051ebda70a66ce0c6cbbc161d3
Plastic,00000321-PHOTO-2025-12-02-18-14-51.jpg,4f2b4011a438b0b258b356e6bfbf22ae
Plastic,00000322-PHOTO-2025-12-02-18-14-56.jpg,4f8c551fe62231348bf087db4dcef6d0
Plastic,00000323-PHOTO-2025-12-02-18-15-00.jpg,5e260c215b2a95ce5dd7e11881813f4a
Plastic,00000324-PHOTO-2025-12-02-18-15-04.jpg,67e20ba626e8e6a6ad0bbf2c91bdf62b
Plastic,00000325-PHOTO-2025-12-02-18-15-14.jpg,4607d52f4827d6891fd120f7ce0d3804
Plastic,00000326-PHOTO-2025-12-02-18-15-24.jpg,ad1f6b1d4779097267a2489c85fc5f7b
Plastic,00000327-PHOTO-2025-12-02-18-15-29.jpg,607b899ca7b2dd33443061afde767a41
Plastic,00000328-PHOTO-2025-12-02-18-15-33.jpg,8664513cf0293246ed82c73ad830f124
Plastic,00000329-PHOTO-2025-12-02-18-15-37.jpg,9862c8ce6f9877877be714982bb238ea
Plastic,00000330-PHOTO-2025-12-02-18-15-43.jpg,eadc7442f6ee9df69a4fd39c3422bdad
Plastic,00000331-PHOTO-2025-12-02-18-15-47.jpg,02acb860274832ddf011a749a0e23d9f
Plastic,00000332-PHOTO-2025-12-02-18-15-51.jpg,d000e1f4fae4defe1bf5070f86321a99
Plastic,00000333-PHOTO-2025-12-02-18-15-54.jpg,d6977a66e44b50c06b5766a66b75e01a
Plastic,00000334-PHOTO-2025-12-02-18-16-01.jpg,e08834eacf01f676ad96422ccb1d907e
Plastic,00000335-PHOTO-2025-12-02-18-16-06.jpg,ec4c75be0dde527523b73852a51e1ac3
Plastic,00000336-PHOTO-2025-12-02-18-16-13.jpg,25777b62bc73eed642760281d9dba8de
Plastic,00000337-PHOTO-2025-12-02-18-16-18.jpg,67e6a9b8e405671dccda94fce0990e3f
Plastic,00000338-PHOTO-2025-12-02-18-16-22.jpg,d11e70be129a1e479708dc856c173261
Plastic,00000339-PHOTO-2025-12-02-18-16-25.jpg,770b05aabf48986493aad163c401db9b
Plastic,00000340-PHOTO-2025-12-02-18-16-29.jpg,e10657b95a54eb588a494814fd0873fb
Plastic,00000341-PHOTO-2025-12-02-18-16-32.jpg,141046c6a579128fda0bdbe9c7a00736
Plastic,00000342-PHOTO-2025-12-02-18-16-49.jpg,b99e648e5e4aaf12ffc82e9240d47cf3
Plastic,00000343-PHOTO-2025-12-02-18-16-52.jpg,e1e41f218be034f3bb1d2e49ecdaf18b
Plastic,00000344-PHOTO-2025-12-02-18-16-55.jpg,83c0d45bd18c22bec5d89f8671e5202e
Plastic,00000345-PHOTO-2025-12-02-18-17-02.jpg,2c692903d373fbc7f0f3926a6099a40c
Plastic,00000346-PHOTO-2025-12-02-18-17-05.jpg,60de06ce646995abc04f17d0fd53f127
Plastic,00000347-PHOTO-2025-12-02-18-17-08.jpg,6d0daf974f9fdb27bd9524730d7d9ee5
Plastic,00000348-PHOTO-2025-12-02-18-17-16.jpg,94c9cbcd2c84782d39300b7894311641
Plastic,00000349-PHOTO-2025-12-02-18-17-20.jpg,4dbd884bbc39db3ab71d971d50221f57
Plastic,00000350-PHOTO-2025-12-02-18-17-23.jpg,d3ced872a976f19826d402684f00b8e8
Plastic,00000351-PHOTO-2025-12-02-18-17-28.jpg,a371b083778753416728939f04d80fd9
Plastic,00000352-PHOTO-2025-12-02-18-17-31.jpg,7ac2b102716a962ddb542ec7ce723afa
Plastic,00000353-PHOTO-2025-12-02-18-25-32.jpg,129470c54688cbedf638dfca70ed14da
Plastic,00000354-PHOTO-2025-12-02-18-25-37.jpg,3cff5ed06f30cbd4a63297da1c4b2d97
Plastic,00000355-PHOTO-2025-12-02-18-25-49.jpg,b949f835c22e8112aa3dc5ce2cefc518
Plastic,00000356-PHOTO-2025-12-02-18-36-21.jpg,3d12d1d9ef4d1b55d59e13861d8013f0
Plastic,00000358-PHOTO-2025-12-02-18-37-50.jpg,d3fa3466a805b457146238bd9b5a0ff9
Plastic,00000359-PHOTO-2025-12-02-18-37-51.jpg,c72edca4a98a4f1c911f9f3a0e3e6866
Plastic,00000360-PHOTO-2025-12-02-21-57-46.jpg,ea10bfebf83c7cc0cb4effa700fb0ab9
Plastic,00000361-PHOTO-2025-12-03-18-00-33.jpg,69eb24a5e52c0b0e8dce6869b7a3aa16
Plastic,00000362-PHOTO-2025-12-03-18-00-59.jpg,7780c37b73ea1347cc35c06afc9bb462
Plastic,00000363-PHOTO-2025-12-03-18-01-08.jpg,433b20c71156fe2537ed6a7f95cf9196
Plastic,00000365-PHOTO-2025-12-04-12-14-20.jpg,02d0c286fbf2df8255bd85272443dff6
Plastic,00000366-PHOTO-2025-12-04-12-14-34.jpg,80bc6227778a246d99f6395feba5e475
Plastic,00000368-PHOTO-2025-12-04-12-15-00.jpg,801dcac8ba08fc994e714b2b5381918e
Plastic,00000369-PHOTO-2025-12-04-12-18-00.jpg,001446a8df6c298af41d75771fbcb754
Plastic,00000370-PHOTO-2025-12-04-12-18-08.jpg,597ddd9cd481528e2806851fba74d92a
